threshold,accuracy,balanced_accuracy,f1,precision,recall,auc,tp,tn,fp,fn,fpr,fnr,config,feature_set,model,threshold_strategy,holdout_gen
0.5,0.7920298879202988,0.758120293331561,0.6932966023875115,0.855039637599094,0.583011583011583,0.8870790307410026,755,1789,128,540,0.0667709963484611,0.4169884169884167,B: z0+eps+physics,safe_max(g<=0.65),bn-GB,default(0.5),DC
0.27344492685137406,0.7991905354919053,0.8063373232387316,0.7720042417815483,0.711864406779661,0.8432432432432433,0.8870790307410026,1092,1475,442,203,0.23056859676577976,0.15675675675675665,B: z0+eps+physics,safe_max(g<=0.65),bn-GB,youden,DC
0.2799999999999999,0.7991905354919053,0.8050845614225896,0.7703809184763261,0.714663143989432,0.8355212355212355,0.8870790307410026,1082,1485,432,213,0.22535211267605623,0.16447876447876436,B: z0+eps+physics,safe_max(g<=0.65),bn-GB,max-f1,DC
0.2799999999999999,0.7991905354919053,0.8050845614225896,0.7703809184763261,0.714663143989432,0.8355212355212355,0.8870790307410026,1082,1485,432,213,0.22535211267605623,0.16447876447876436,B: z0+eps+physics,safe_max(g<=0.65),bn-GB,max-balacc,DC
0.34999999999999987,0.8091531755915318,0.8022813558024826,0.7641400538668719,0.7615030674846626,0.7667953667953668,0.8870790307410026,993,1606,311,302,0.1622326551904016,0.23320463320463303,B: z0+eps+physics,safe_max(g<=0.65),bn-GB,max-acc,DC
0.5,0.7565379825653799,0.7157334396771017,0.6258373205741626,0.8226415094339623,0.505019305019305,0.8388952332614305,654,1776,141,641,0.07355242566510169,0.49498069498069464,B: z0+eps+physics,safe_max(g<=0.65),bn-LR,default(0.5),DC
0.3187413106059344,0.7649439601494396,0.7639915569493034,0.7225284821756707,0.6893408134642356,0.759073359073359,0.8388952332614305,983,1474,443,312,0.2310902451747521,0.24092664092664076,B: z0+eps+physics,safe_max(g<=0.65),bn-LR,youden,DC
0.29999999999999993,0.7562266500622665,0.7609478693985736,0.7220447284345048,0.6681997371879106,0.7853281853281854,0.8388952332614305,1017,1412,505,278,0.263432446531038,0.2146718146718145,B: z0+eps+physics,safe_max(g<=0.65),bn-LR,max-f1,DC
0.3199999999999999,0.7640099626400996,0.7627079796093881,0.7209131075110456,0.6889514426460239,0.7559845559845559,0.8388952332614305,979,1475,442,316,0.23056859676577976,0.24401544401544384,B: z0+eps+physics,safe_max(g<=0.65),bn-LR,max-balacc,DC
0.3999999999999998,0.7724159402241594,0.751961015341297,0.6960498960498961,0.754054054054054,0.6463320463320463,0.8388952332614305,837,1644,273,458,0.14241001564945222,0.3536679536679534,B: z0+eps+physics,safe_max(g<=0.65),bn-LR,max-acc,DC
0.5,0.687733499377335,0.6151215601919827,0.38276923076923075,0.9424242424242424,0.24015444015444015,0.8670090613752586,311,1898,19,984,0.009911319770474694,0.7598455598455593,B: z0+eps+physics,safe_max(g<=0.65),bn-GB+Platt,default(0.5),DC
0.3211382517995125,0.789227895392279,0.7904743777983214,0.7530098504195549,0.7136929460580913,0.7969111969111969,0.8670090613752586,1032,1503,414,263,0.2159624413145539,0.20308880308880295,B: z0+eps+physics,safe_max(g<=0.65),bn-GB+Platt,youden,DC
0.29999999999999993,0.773972602739726,0.7857116674018082,0.7511994516792323,0.6752926678989526,0.8463320463320463,0.8670090613752586,1096,1390,527,199,0.2749087115284297,0.15366795366795355,B: z0+eps+physics,safe_max(g<=0.65),bn-GB+Platt,max-f1,DC
0.3199999999999999,0.7864259028642591,0.7882522361395601,0.7507267441860465,0.7089910775566232,0.7976833976833977,0.8670090613752586,1033,1493,424,262,0.22117892540427742,0.20231660231660217,B: z0+eps+physics,safe_max(g<=0.65),bn-GB+Platt,max-balacc,DC
0.32999999999999985,0.7895392278953923,0.786099983283082,0.746436609152288,0.7257476294675419,0.7683397683397684,0.8670090613752586,995,1541,376,300,0.1961398017736045,0.2316602316602315,B: z0+eps+physics,safe_max(g<=0.65),bn-GB+Platt,max-acc,DC
0.5,0.6892901618929016,0.6164256812144137,0.38395061728395063,0.9569230769230769,0.24015444015444015,0.868699685601094,311,1903,14,984,0.007303077725612933,0.7598455598455593,B: z0+eps+physics,safe_max(g<=0.65),bn-GB+isotonic,default(0.5),DC
0.32295671570571965,0.7886052303860523,0.7910802150238769,0.7540746106483158,0.7100954979536153,0.8038610038610039,0.868699685601094,1041,1492,425,254,0.22170057381324976,0.196138996138996,B: z0+eps+physics,safe_max(g<=0.65),bn-GB+isotonic,youden,DC
0.30999999999999994,0.7711706102117061,0.7867467064650163,0.7534384434753438,0.666073546856465,0.8671814671814672,0.868699685601094,1123,1354,563,172,0.2936880542514344,0.13281853281853273,B: z0+eps+physics,safe_max(g<=0.65),bn-GB+isotonic,max-f1,DC
0.3199999999999999,0.7851805728518058,0.7897144629538996,0.7532188841201717,0.7015323117921386,0.8131274131274131,0.868699685601094,1053,1469,448,242,0.23369848721961387,0.18687258687258673,B: z0+eps+physics,safe_max(g<=0.65),bn-GB+isotonic,max-balacc,DC
0.3199999999999999,0.7851805728518058,0.7897144629538996,0.7532188841201717,0.7015323117921386,0.8131274131274131,0.868699685601094,1053,1469,448,242,0.23369848721961387,0.18687258687258673,B: z0+eps+physics,safe_max(g<=0.65),bn-GB+isotonic,max-acc,DC
0.5,0.7929638854296388,0.7561466899495068,0.687939934303144,0.8767942583732058,0.566023166023166,0.8890544468009258,733,1814,103,562,0.053729786124152294,0.4339768339768337,B: z0+eps+physics,safe_max(g<=0.65),GB+LR(0.7),default(0.5),DC
0.32996089047213506,0.8097758405977584,0.8075634991127949,0.7714178825289937,0.7481857764876633,0.7961389961389962,0.8890544468009258,1031,1570,347,264,0.18101199791340628,0.20386100386100373,B: z0+eps+physics,safe_max(g<=0.65),GB+LR(0.7),youden,DC
0.32999999999999985,0.8094645080946451,0.8071773987266945,0.7709580838323353,0.7480029048656499,0.7953667953667953,0.8890544468009258,1030,1570,347,265,0.18101199791340628,0.2046332046332045,B: z0+eps+physics,safe_max(g<=0.65),GB+LR(0.7),max-f1,DC
0.32999999999999985,0.8094645080946451,0.8071773987266945,0.7709580838323353,0.7480029048656499,0.7953667953667953,0.8890544468009258,1030,1570,347,265,0.18101199791340628,0.2046332046332045,B: z0+eps+physics,safe_max(g<=0.65),GB+LR(0.7),max-balacc,DC
0.3699999999999999,0.8138231631382317,0.8040640237823337,0.7654901960784314,0.7776892430278884,0.7536679536679537,0.8890544468009258,976,1638,279,319,0.14553990610328632,0.24633204633204617,B: z0+eps+physics,safe_max(g<=0.65),GB+LR(0.7),max-acc,DC
0.5,0.8368617683686177,0.8129670918403313,0.7731601731601732,0.8798029556650246,0.6895752895752896,0.9108243051905023,893,1795,122,402,0.06364110589462699,0.3104247104247102,B: z0+eps+physics,safe_max(g<=0.80),bn-GB,default(0.5),DC
0.3922596764601444,0.8433997509339975,0.8344797513811598,0.8023575638506876,0.8168,0.7884169884169884,0.9108243051905023,1021,1688,229,274,0.1194574856546687,0.21158301158301143,B: z0+eps+physics,safe_max(g<=0.80),bn-GB,youden,DC
0.3899999999999999,0.8427770859277709,0.8339581029721874,0.8017275225755791,0.8154952076677316,0.7884169884169884,0.9108243051905023,1021,1686,231,274,0.12050078247261341,0.21158301158301143,B: z0+eps+physics,safe_max(g<=0.80),bn-GB,max-f1,DC
0.3899999999999999,0.8427770859277709,0.8339581029721874,0.8017275225755791,0.8154952076677316,0.7884169884169884,0.9108243051905023,1021,1686,231,274,0.12050078247261341,0.21158301158301143,B: z0+eps+physics,safe_max(g<=0.80),bn-GB,max-balacc,DC
0.4199999999999998,0.8430884184308842,0.8297089846385621,0.7962813257881972,0.8354537743850721,0.7606177606177607,0.9108243051905023,985,1723,194,310,0.10119979134063636,0.2393822393822392,B: z0+eps+physics,safe_max(g<=0.80),bn-GB,max-acc,DC
0.5,0.8250311332503113,0.7990469342582018,0.7539404553415061,0.8705763397371082,0.6648648648648648,0.8898334954672984,861,1789,128,434,0.0667709963484611,0.3351351351351349,B: z0+eps+physics,safe_max(g<=0.80),bn-LR,default(0.5),DC
0.42854346963752316,0.8300124533001245,0.8114883495165185,0.7725,0.8389140271493213,0.7158301158301158,0.8898334954672984,927,1739,178,368,0.09285341679707873,0.284169884169884,B: z0+eps+physics,safe_max(g<=0.80),bn-LR,youden,DC
0.4299999999999998,0.8290784557907845,0.8103300483582174,0.7709637046307884,0.838475499092559,0.7135135135135136,0.8898334954672984,924,1739,178,371,0.09285341679707873,0.2864864864864863,B: z0+eps+physics,safe_max(g<=0.80),bn-LR,max-f1,DC
0.4299999999999998,0.8290784557907845,0.8103300483582174,0.7709637046307884,0.838475499092559,0.7135135135135136,0.8898334954672984,924,1739,178,371,0.09285341679707873,0.2864864864864863,B: z0+eps+physics,safe_max(g<=0.80),bn-LR,max-balacc,DC
0.4299999999999998,0.8290784557907845,0.8103300483582174,0.7709637046307884,0.838475499092559,0.7135135135135136,0.8898334954672984,924,1739,178,371,0.09285341679707873,0.2864864864864863,B: z0+eps+physics,safe_max(g<=0.80),bn-LR,max-acc,DC
0.5,0.7742839352428393,0.7239607817072605,0.6237675142708874,0.9509493670886076,0.4640926640926641,0.9095610701244503,601,1886,31,694,0.016171100678142925,0.5359073359073355,B: z0+eps+physics,safe_max(g<=0.80),bn-GB+Platt,default(0.5),DC
0.29822197985845544,0.8278331257783312,0.8277023502375616,0.7948051948051948,0.765,0.827027027027027,0.9095610701244503,1071,1588,329,224,0.17162232655190393,0.17297297297297284,B: z0+eps+physics,safe_max(g<=0.80),bn-GB+Platt,youden,DC
0.2799999999999999,0.8212951432129514,0.8267349844814633,0.7941176470588235,0.7414601473543202,0.8548262548262548,0.9095610701244503,1107,1531,386,188,0.20135628586332802,0.14517374517374507,B: z0+eps+physics,safe_max(g<=0.80),bn-GB+Platt,max-f1,DC
0.2799999999999999,0.8212951432129514,0.8267349844814633,0.7941176470588235,0.7414601473543202,0.8548262548262548,0.9095610701244503,1107,1531,386,188,0.20135628586332802,0.14517374517374507,B: z0+eps+physics,safe_max(g<=0.80),bn-GB+Platt,max-balacc,DC
0.34999999999999987,0.8337484433374844,0.8202556681429921,0.784503631961259,0.8216398985629755,0.7505791505791506,0.9095610701244503,972,1706,211,323,0.11006781429316635,0.24942084942084924,B: z0+eps+physics,safe_max(g<=0.80),bn-GB+Platt,max-acc,DC
0.5,0.7696139476961394,0.7179187235525264,0.6121593291404612,0.9526916802610114,0.450965250965251,0.9078138500673713,584,1888,29,711,0.015127803860198219,0.5490347490347487,B: z0+eps+physics,safe_max(g<=0.80),bn-GB+isotonic,default(0.5),DC
0.28650913356795704,0.8259651307596513,0.8287682048245428,0.7962085308056872,0.7541436464088398,0.8432432432432433,0.9078138500673713,1092,1561,356,203,0.18570683359415746,0.15675675675675665,B: z0+eps+physics,safe_max(g<=0.80),bn-GB+isotonic,youden,DC
0.29999999999999993,0.8278331257783312,0.8267001407846478,0.7935796939156402,0.7680635838150289,0.8208494208494208,0.9078138500673713,1063,1596,321,232,0.16744913928012511,0.17915057915057903,B: z0+eps+physics,safe_max(g<=0.80),bn-GB+isotonic,max-f1,DC
0.29999999999999993,0.8278331257783312,0.8267001407846478,0.7935796939156402,0.7680635838150289,0.8208494208494208,0.9078138500673713,1063,1596,321,232,0.16744913928012511,0.17915057915057903,B: z0+eps+physics,safe_max(g<=0.80),bn-GB+isotonic,max-balacc,DC
0.3199999999999999,0.8300124533001245,0.8220115487721121,0.7873831775700935,0.7941869599371564,0.7806949806949807,0.9078138500673713,1011,1655,262,284,0.13667188315075632,0.21930501930501914,B: z0+eps+physics,safe_max(g<=0.80),bn-GB+isotonic,max-acc,DC
0.5,0.8396637608966376,0.8145628525910216,0.7750109217999126,0.892354124748491,0.684942084942085,0.9150168276928842,887,1810,107,408,0.0558163797600417,0.31505791505791486,B: z0+eps+physics,safe_max(g<=0.80),GB+LR(0.7),default(0.5),DC
0.3294366393552004,0.836239103362391,0.8361226417564446,0.8044609665427509,0.7756272401433691,0.8355212355212355,0.9150168276928842,1082,1604,313,213,0.1632759520083463,0.16447876447876436,B: z0+eps+physics,safe_max(g<=0.80),GB+LR(0.7),youden,DC
0.32999999999999985,0.8359277708592777,0.8357365413703441,0.8040163629602083,0.7754662840746055,0.8347490347490347,0.9150168276928842,1081,1604,313,214,0.1632759520083463,0.16525096525096514,B: z0+eps+physics,safe_max(g<=0.80),GB+LR(0.7),max-f1,DC
0.32999999999999985,0.8359277708592777,0.8357365413703441,0.8040163629602083,0.7754662840746055,0.8347490347490347,0.9150168276928842,1081,1604,313,214,0.1632759520083463,0.16525096525096514,B: z0+eps+physics,safe_max(g<=0.80),GB+LR(0.7),max-balacc,DC
0.44999999999999984,0.8446450809464509,0.8271295440309525,0.7926879933527212,0.8579136690647482,0.7366795366795367,0.9150168276928842,954,1759,158,341,0.08242044861763168,0.26332046332046316,B: z0+eps+physics,safe_max(g<=0.80),GB+LR(0.7),max-acc,DC
0.5,0.6005961251862891,0.6020914465838871,0.6090444930707513,0.5770559778852798,0.6447876447876448,0.6359381905818191,835,777,612,460,0.4406047516198701,0.35521235521235495,B: z0+eps+physics,safe_max(g<=0.65),bn-GB,default(0.5),Pika
0.4818215586333005,0.6020864381520119,0.6044981111935757,0.620199146514936,0.5748187211601846,0.6733590733590734,0.6359381905818191,872,744,645,423,0.4643628509719219,0.3266409266409264,B: z0+eps+physics,safe_max(g<=0.65),bn-GB,youden,Pika
0.20999999999999996,0.5439642324888226,0.556756200816676,0.6611295681063123,0.5153215364695727,0.922007722007722,0.6359381905818191,1194,266,1123,101,0.8084953203743696,0.07799227799227794,B: z0+eps+physics,safe_max(g<=0.65),bn-GB,max-f1,Pika
0.45999999999999985,0.5998509687034277,0.6032266762288361,0.6278586278586279,0.5694531741043369,0.6996138996138996,0.6359381905818191,906,704,685,389,0.4931605471562272,0.3003861003861002,B: z0+eps+physics,safe_max(g<=0.65),bn-GB,max-balacc,Pika
0.5799999999999997,0.6028315946348733,0.6010896425583251,0.5725741780272654,0.5954962468723937,0.5513513513513514,0.6359381905818191,714,904,485,581,0.349172066234701,0.44864864864864834,B: z0+eps+physics,safe_max(g<=0.65),bn-GB,max-acc,Pika
0.5,0.6248137108792846,0.6210476134882182,0.5691056910569106,0.6381957773512476,0.5135135135135135,0.6746616409683365,665,1012,377,630,0.27141828653707684,0.4864864864864861,B: z0+eps+physics,safe_max(g<=0.65),bn-LR,default(0.5),Pika
0.38768690172040654,0.6359910581222057,0.636994198765257,0.6382821177341725,0.6130867709815079,0.6656370656370656,0.6746616409683365,862,845,544,433,0.39164866810655125,0.3343629343629341,B: z0+eps+physics,safe_max(g<=0.65),bn-LR,youden,Pika
0.17999999999999997,0.5767511177347243,0.5879633413110735,0.6743119266055045,0.5362517099863201,0.9081081081081082,0.6746616409683365,1176,372,1017,119,0.7321814254859607,0.09189189189189183,B: z0+eps+physics,safe_max(g<=0.65),bn-LR,max-f1,Pika
0.3899999999999999,0.6356184798807749,0.636529710827767,0.6369710467706013,0.6132952108649035,0.6625482625482626,0.6746616409683365,858,848,541,437,0.38948884089272834,0.33745173745173723,B: z0+eps+physics,safe_max(g<=0.65),bn-LR,max-balacc,Pika
0.3899999999999999,0.6356184798807749,0.636529710827767,0.6369710467706013,0.6132952108649035,0.6625482625482626,0.6746616409683365,858,848,541,437,0.38948884089272834,0.33745173745173723,B: z0+eps+physics,safe_max(g<=0.65),bn-LR,max-acc,Pika
0.5,0.5935171385991058,0.5944942474100141,0.5963743988161302,0.5724431818181818,0.6223938223938223,0.6335154037097881,806,787,602,489,0.4334053275737938,0.3776061776061773,B: z0+eps+physics,safe_max(g<=0.65),bn-GB+Platt,default(0.5),Pika
0.4737382304579975,0.5964977645305514,0.5986282178506801,0.6119670369043354,0.570855614973262,0.6594594594594595,0.6335154037097881,854,747,642,441,0.4622030237580991,0.3405405405405403,B: z0+eps+physics,safe_max(g<=0.65),bn-GB+Platt,youden,Pika
0.1,0.5,0.5165005795675343,0.6558974358974359,0.490978886756238,0.9876447876447877,0.6335154037097881,1279,63,1326,16,0.9546436285097186,0.012355212355212346,B: z0+eps+physics,safe_max(g<=0.65),bn-GB+Platt,max-f1,Pika
0.46999999999999986,0.5946348733233979,0.5969067493905507,0.6117059243397573,0.568679495686795,0.6617760617760617,0.6335154037097881,857,739,650,438,0.4679625629949601,0.338223938223938,B: z0+eps+physics,safe_max(g<=0.65),bn-GB+Platt,max-balacc,Pika
0.5799999999999997,0.5979880774962743,0.5948683950843778,0.548346588530766,0.5987202925045704,0.5057915057915058,0.6335154037097881,655,950,439,640,0.31605471562274995,0.4942084942084939,B: z0+eps+physics,safe_max(g<=0.65),bn-GB+Platt,max-acc,Pika
0.5,0.5983606557377049,0.5986512893640323,0.5932075471698113,0.5800738007380074,0.6069498069498069,0.6339443114821084,786,820,569,509,0.409647228221742,0.3930501930501928,B: z0+eps+physics,safe_max(g<=0.65),bn-GB+isotonic,default(0.5),Pika
0.46575990942188134,0.603204172876304,0.6053689913301145,0.6186895810955961,0.5767690253671562,0.6671814671814672,0.6339443114821084,864,755,634,431,0.456443484521238,0.3328185328185326,B: z0+eps+physics,safe_max(g<=0.65),bn-GB+isotonic,youden,Pika
0.1,0.49552906110283157,0.5121547959560918,0.6537084398976982,0.4887189292543021,0.9868725868725868,0.6339443114821084,1278,52,1337,17,0.9625629949604025,0.013127413127413117,B: z0+eps+physics,safe_max(g<=0.65),bn-GB+isotonic,max-f1,Pika
0.45999999999999985,0.6002235469448585,0.6026198676306668,0.6182853077196727,0.5732189973614775,0.6710424710424711,0.6339443114821084,869,742,647,426,0.4658027357811372,0.3289575289575287,B: z0+eps+physics,safe_max(g<=0.65),bn-GB+isotonic,max-balacc,Pika
0.5599999999999997,0.6009687034277198,0.5980617149083671,0.5546777546777547,0.6009009009009009,0.5150579150579151,0.6339443114821084,667,946,443,628,0.3189344852411805,0.48494208494208463,B: z0+eps+physics,safe_max(g<=0.65),bn-GB+isotonic,max-acc,Pika
0.5,0.6188524590163934,0.6193119685560291,0.6155580608793687,0.5995607613469985,0.6324324324324324,0.6576960175232313,819,842,547,476,0.3938084953203741,0.3675675675675673,B: z0+eps+physics,safe_max(g<=0.65),GB+LR(0.7),default(0.5),Pika
0.4643167294555701,0.6210879284649776,0.6231179343490358,0.6343042071197411,0.5935397039030955,0.6810810810810811,0.6576960175232313,882,785,604,413,0.43484521238300905,0.3189189189189187,B: z0+eps+physics,safe_max(g<=0.65),GB+LR(0.7),youden,Pika
0.20999999999999996,0.551043219076006,0.5638830746822108,0.6666666666666666,0.5193965517241379,0.9305019305019305,0.6576960175232313,1205,274,1115,90,0.8027357811375084,0.06949806949806944,B: z0+eps+physics,safe_max(g<=0.65),GB+LR(0.7),max-f1,Pika
0.46999999999999986,0.6195976154992549,0.6213644993342617,0.6302064469395147,0.5934515688949522,0.6718146718146718,0.6576960175232313,870,793,596,425,0.42908567314614804,0.328185328185328,B: z0+eps+physics,safe_max(g<=0.65),GB+LR(0.7),max-balacc,Pika
0.5199999999999998,0.6214605067064084,0.6209695039068689,0.60741885625966,0.6078886310904872,0.6069498069498069,0.6576960175232313,786,882,507,509,0.3650107991360689,0.3930501930501928,B: z0+eps+physics,safe_max(g<=0.65),GB+LR(0.7),max-acc,Pika
0.5,0.6769746646795827,0.6787336240899956,0.6852994555353902,0.6465753424657534,0.728957528957529,0.7482464260002056,944,873,516,351,0.37149028077753754,0.27104247104247087,B: z0+eps+physics,safe_max(g<=0.80),bn-GB,default(0.5),Pika
0.5162195069247324,0.6844262295081968,0.6856456271143097,0.6877994839660893,0.657968970380818,0.7204633204633205,0.7482464260002056,933,904,485,362,0.349172066234701,0.2795366795366793,B: z0+eps+physics,safe_max(g<=0.80),bn-GB,youden,Pika
0.2699999999999999,0.6151266766020864,0.6246223082076214,0.6919176856546376,0.5636540330417882,0.8957528957528957,0.7482464260002056,1160,491,898,135,0.6465082793376525,0.10424710424710418,B: z0+eps+physics,safe_max(g<=0.80),bn-GB,max-f1,Pika
0.5199999999999998,0.684053651266766,0.6851811391768196,0.6866223207686623,0.6583982990786676,0.7173745173745174,0.7482464260002056,929,907,482,366,0.3470122390208781,0.2826254826254824,B: z0+eps+physics,safe_max(g<=0.80),bn-GB,max-balacc,Pika
0.6699999999999997,0.6847988077496274,0.6805968572707233,0.6318537859007833,0.7238285144566301,0.5606177606177606,0.7482464260002056,726,1112,277,569,0.19942404607631375,0.4393822393822391,B: z0+eps+physics,safe_max(g<=0.80),bn-GB,max-acc,Pika
0.5,0.71274217585693,0.7118014960347574,0.6970530451866405,0.7096,0.684942084942085,0.7712606775241765,887,1026,363,408,0.26133909287257,0.31505791505791486,B: z0+eps+physics,safe_max(g<=0.80),bn-LR,default(0.5),Pika
0.43239707707688485,0.713859910581222,0.7147888400588185,0.7142857142857143,0.6891600861450108,0.7413127413127413,0.7712606775241765,960,956,433,335,0.3117350611951042,0.2586872586872585,B: z0+eps+physics,safe_max(g<=0.80),bn-LR,youden,Pika
0.3699999999999999,0.7075260804769001,0.7102109514636512,0.7219270279844138,0.6668848167539267,0.7868725868725869,0.7712606775241765,1019,880,509,276,0.36645068394528413,0.21312741312741298,B: z0+eps+physics,safe_max(g<=0.80),bn-LR,max-f1,Pika
0.4299999999999998,0.71274217585693,0.7137611848195002,0.7139146567717997,0.6871428571428572,0.7428571428571429,0.7712606775241765,962,951,438,333,0.31533477321814235,0.25714285714285695,B: z0+eps+physics,safe_max(g<=0.80),bn-LR,max-balacc,Pika
0.4299999999999998,0.71274217585693,0.7137611848195002,0.7139146567717997,0.6871428571428572,0.7428571428571429,0.7712606775241765,962,951,438,333,0.31533477321814235,0.25714285714285695,B: z0+eps+physics,safe_max(g<=0.80),bn-LR,max-acc,Pika
0.5,0.6780923994038748,0.6779583656473506,0.6689655172413793,0.6638783269961978,0.6741312741312742,0.7518945048102715,873,947,442,422,0.31821454283657286,0.3258687258687256,B: z0+eps+physics,safe_max(g<=0.80),bn-GB+Platt,default(0.5),Pika
0.6123178863510911,0.6959761549925484,0.6912914766046515,0.6389380530973451,0.7481865284974093,0.5575289575289575,0.7518945048102715,722,1146,243,573,0.17494600431965432,0.4424710424710422,B: z0+eps+physics,safe_max(g<=0.80),bn-GB+Platt,youden,Pika
0.3899999999999999,0.6616989567809239,0.6658561060288921,0.691156462585034,0.617629179331307,0.7845559845559845,0.7518945048102715,1016,760,629,279,0.45284377249819985,0.21544401544401529,B: z0+eps+physics,safe_max(g<=0.80),bn-GB+Platt,max-f1,Pika
0.6099999999999998,0.6956035767511177,0.6909315054023477,0.6386554621848739,0.7474120082815735,0.5575289575289575,0.7518945048102715,722,1145,244,573,0.17566594672426195,0.4424710424710422,B: z0+eps+physics,safe_max(g<=0.80),bn-GB+Platt,max-balacc,Pika
0.6099999999999998,0.6956035767511177,0.6909315054023477,0.6386554621848739,0.7474120082815735,0.5575289575289575,0.7518945048102715,722,1145,244,573,0.17566594672426195,0.4424710424710422,B: z0+eps+physics,safe_max(g<=0.80),bn-GB+Platt,max-acc,Pika
0.5,0.6814456035767511,0.6806755227921535,0.6661460367044123,0.6737756714060031,0.6586872586872586,0.7524101392351932,853,976,413,442,0.29733621310295155,0.3413127413127411,B: z0+eps+physics,safe_max(g<=0.80),bn-GB+isotonic,default(0.5),Pika
0.5934074225519403,0.6922503725782414,0.6880314439709687,0.6402439024390244,0.7342657342657343,0.5675675675675675,0.7524101392351932,735,1123,266,560,0.19150467962562984,0.4324324324324321,B: z0+eps+physics,safe_max(g<=0.80),bn-GB+isotonic,youden,Pika
0.4199999999999998,0.6825633383010432,0.684786421719467,0.6946236559139785,0.6481605351170568,0.7482625482625482,0.7524101392351932,969,863,526,326,0.37868970482361386,0.25173745173745155,B: z0+eps+physics,safe_max(g<=0.80),bn-GB+isotonic,max-f1,Pika
0.5799999999999997,0.6907600596125186,0.6870618844700918,0.6446917808219178,0.723342939481268,0.5814671814671815,0.7524101392351932,753,1101,288,542,0.2073434125269977,0.41853281853281826,B: z0+eps+physics,safe_max(g<=0.80),bn-GB+isotonic,max-balacc,Pika
0.5999999999999998,0.6911326378539493,0.6866379801584985,0.6356043956043956,0.7377551020408163,0.5583011583011583,0.7524101392351932,723,1132,257,572,0.18502519798416114,0.4416988416988414,B: z0+eps+physics,safe_max(g<=0.80),bn-GB+isotonic,max-acc,Pika
0.5,0.6952309985096871,0.6961631795325101,0.695910780669145,0.6709677419354839,0.7227799227799228,0.7653221255813049,936,930,459,359,0.3304535637149026,0.277220077220077,B: z0+eps+physics,safe_max(g<=0.80),GB+LR(0.7),default(0.5),Pika
0.5292475311498236,0.7015648286140089,0.7013942977225915,0.692514395393474,0.6885496183206107,0.6965250965250965,0.7653221255813049,902,981,408,393,0.2937365010799134,0.30347490347490325,B: z0+eps+physics,safe_max(g<=0.80),GB+LR(0.7),youden,Pika
0.3199999999999999,0.6531296572280179,0.6600067824689855,0.7043505874880914,0.5981661272923409,0.8563706563706563,0.7653221255813049,1109,644,745,186,0.5363570914326851,0.14362934362934354,B: z0+eps+physics,safe_max(g<=0.80),GB+LR(0.7),max-f1,Pika
0.5299999999999998,0.7008196721311475,0.700595967766594,0.6912725874663591,0.6883614088820827,0.6942084942084942,0.7653221255813049,899,982,407,396,0.2930165586753058,0.3057915057915056,B: z0+eps+physics,safe_max(g<=0.80),GB+LR(0.7),max-balacc,Pika
0.5299999999999998,0.7008196721311475,0.700595967766594,0.6912725874663591,0.6883614088820827,0.6942084942084942,0.7653221255813049,899,982,407,396,0.2930165586753058,0.3057915057915056,B: z0+eps+physics,safe_max(g<=0.80),GB+LR(0.7),max-acc,Pika
0.5,0.7699197035206918,0.7418427102935595,0.6765089014329136,0.7728174603174603,0.6015444015444016,0.8424201718077169,779,1714,229,516,0.11785898095728249,0.3984555984555982,B: z0+eps+physics,safe_max(g<=0.65),bn-GB,default(0.5),SVD
0.39176064452020887,0.7702285361334157,0.764634158458142,0.7194570135746606,0.7030213706705969,0.7366795366795367,0.8424201718077169,954,1540,403,341,0.2074112197632526,0.26332046332046316,B: z0+eps+physics,safe_max(g<=0.65),bn-GB,youden,SVD
0.3599999999999999,0.7621988882025942,0.763222894977913,0.7210144927536232,0.6791808873720137,0.7683397683397684,0.8424201718077169,995,1473,470,300,0.24189397838394225,0.2316602316602315,B: z0+eps+physics,safe_max(g<=0.65),bn-GB,max-f1,SVD
0.3599999999999999,0.7621988882025942,0.763222894977913,0.7210144927536232,0.6791808873720137,0.7683397683397684,0.8424201718077169,995,1473,470,300,0.24189397838394225,0.2316602316602315,B: z0+eps+physics,safe_max(g<=0.65),bn-GB,max-balacc,SVD
0.4199999999999998,0.7720815318097591,0.7603836760810512,0.7112676056338029,0.7208564631245044,0.7019305019305019,0.8424201718077169,909,1591,352,386,0.18116314976839928,0.29806949806949784,B: z0+eps+physics,safe_max(g<=0.65),bn-GB,max-acc,SVD
0.5,0.721124150710315,0.6832854102540156,0.5863490609253321,0.7207207207207207,0.4942084942084942,0.7970908339410656,640,1695,248,655,0.12763767370046314,0.5057915057915054,B: z0+eps+physics,safe_max(g<=0.65),bn-LR,default(0.5),SVD
0.30785124469876307,0.7235948116121063,0.7336314698640998,0.694017094017094,0.6226993865030674,0.7837837837837838,0.7970908339410656,1015,1328,615,280,0.316520844055584,0.21621621621621606,B: z0+eps+physics,safe_max(g<=0.65),bn-LR,youden,SVD
0.2899999999999999,0.7177269919703521,0.7315749835564556,0.6941097724230254,0.6125221500295334,0.8007722007722008,0.7970908339410656,1037,1287,656,258,0.3376222336592896,0.1992277992277991,B: z0+eps+physics,safe_max(g<=0.65),bn-LR,max-f1,SVD
0.30999999999999994,0.7232859789993823,0.7326015376452845,0.6925188743994509,0.6232242124768376,0.7791505791505792,0.7970908339410656,1009,1333,610,286,0.31394750386001014,0.2208494208494207,B: z0+eps+physics,safe_max(g<=0.65),bn-LR,max-balacc,SVD
0.4099999999999998,0.7322421247683756,0.7161136800354505,0.6549940310385993,0.6756978653530378,0.6355212355212355,0.7970908339410656,823,1548,395,472,0.20329387545033445,0.3644787644787642,B: z0+eps+physics,safe_max(g<=0.65),bn-LR,max-acc,SVD
0.5,0.7266831377393452,0.6723366922543454,0.5397815912636506,0.8264331210191083,0.40077220077220077,0.8304476817086184,519,1834,109,776,0.05609881626351001,0.5992277992277988,B: z0+eps+physics,safe_max(g<=0.65),bn-GB+Platt,default(0.5),SVD
0.3495223585958849,0.7520074119827054,0.7491939185711702,0.7033616549685999,0.6742209631728046,0.7351351351351352,0.8304476817086184,952,1483,460,343,0.23674729799279454,0.26486486486486466,B: z0+eps+physics,safe_max(g<=0.65),bn-GB+Platt,youden,SVD
0.30999999999999994,0.7300802964793082,0.744443671669611,0.7074966532797858,0.6243354991139988,0.8162162162162162,0.8304476817086184,1057,1307,636,238,0.3273288728769942,0.18378378378378366,B: z0+eps+physics,safe_max(g<=0.65),bn-GB+Platt,max-f1,SVD
0.34999999999999987,0.7516985793699815,0.7486790518185269,0.7026627218934911,0.674237047551455,0.7335907335907336,0.8304476817086184,950,1484,459,345,0.23623262995367977,0.2664092664092662,B: z0+eps+physics,safe_max(g<=0.65),bn-GB+Platt,max-balacc,SVD
0.3999999999999998,0.7609635577516985,0.7369553510572553,0.6736930860033726,0.7418755803156918,0.616988416988417,0.8304476817086184,799,1665,278,496,0.14307771487390628,0.3830115830115827,B: z0+eps+physics,safe_max(g<=0.65),bn-GB+Platt,max-acc,SVD
0.5,0.7313156269302038,0.6794158617112812,0.5556690500510725,0.8205128205128205,0.4200772200772201,0.83128148367469,544,1824,119,751,0.06124549665465772,0.5799227799227795,B: z0+eps+physics,safe_max(g<=0.65),bn-GB+isotonic,default(0.5),SVD
0.33541958280543155,0.7455219271155034,0.7519021852526742,0.7112824106517169,0.6510583707504811,0.7837837837837838,0.83128148367469,1015,1399,544,280,0.2799794132784353,0.21621621621621606,B: z0+eps+physics,safe_max(g<=0.65),bn-GB+isotonic,youden,SVD
0.32999999999999985,0.7411982705373688,0.7498447053773868,0.7102351313969572,0.6430807764558547,0.7930501930501931,0.83128148367469,1027,1373,570,268,0.29336078229541934,0.2069498069498068,B: z0+eps+physics,safe_max(g<=0.65),bn-GB+isotonic,max-f1,SVD
0.33999999999999986,0.7479925880172946,0.7508704646121013,0.7083631165117942,0.6593479707252162,0.7652509652509653,0.83128148367469,991,1431,512,304,0.2635100360267626,0.23474903474903458,B: z0+eps+physics,safe_max(g<=0.65),bn-GB+isotonic,max-balacc,SVD
0.4199999999999998,0.7591105620753552,0.731677122310164,0.6637931034482759,0.751219512195122,0.5945945945945946,0.83128148367469,770,1688,255,525,0.13124034997426653,0.4054054054054051,B: z0+eps+physics,safe_max(g<=0.65),bn-GB+isotonic,max-acc,SVD
0.5,0.7665225447807289,0.7355353441817672,0.6654867256637168,0.7792746113989637,0.5806949806949807,0.8440838014692879,752,1730,213,543,0.10962429233144616,0.419305019305019,B: z0+eps+physics,safe_max(g<=0.65),GB+LR(0.7),default(0.5),SVD
0.37631628972272274,0.7730080296479308,0.7708131556304485,0.7280799112097669,0.6988636363636364,0.7598455598455598,0.8440838014692879,984,1519,424,311,0.2182192485846628,0.24015444015443999,B: z0+eps+physics,safe_max(g<=0.65),GB+LR(0.7),youden,SVD
0.3799999999999999,0.7730080296479308,0.7699117910646475,0.7266641874302715,0.7008608321377331,0.7544401544401544,0.8440838014692879,977,1526,417,318,0.2146165723108594,0.2455598455598454,B: z0+eps+physics,safe_max(g<=0.65),GB+LR(0.7),max-f1,SVD
0.3799999999999999,0.7730080296479308,0.7699117910646475,0.7266641874302715,0.7008608321377331,0.7544401544401544,0.8440838014692879,977,1526,417,318,0.2146165723108594,0.2455598455598454,B: z0+eps+physics,safe_max(g<=0.65),GB+LR(0.7),max-balacc,SVD
0.4099999999999998,0.7739345274861026,0.7629578111307396,0.7147310989867498,0.7214791502753737,0.7081081081081081,0.8440838014692879,917,1589,354,378,0.18219248584662884,0.2918918918918917,B: z0+eps+physics,safe_max(g<=0.65),GB+LR(0.7),max-acc,SVD
0.5,0.8001852995676343,0.7857325673589184,0.7406813627254509,0.77,0.7135135135135136,0.8742771298612781,924,1667,276,371,0.14204837879567672,0.2864864864864863,B: z0+eps+physics,safe_max(g<=0.80),bn-GB,default(0.5),SVD
0.39320792856585896,0.7912291537986411,0.7925629474780272,0.7538237436270939,0.7133011716057891,0.7992277992277992,0.8742771298612781,1035,1527,416,260,0.21410190427174464,0.20077220077220062,B: z0+eps+physics,safe_max(g<=0.80),bn-GB,youden,SVD
0.3899999999999999,0.7903026559604694,0.7921772445189841,0.7535390199637023,0.7109589041095891,0.8015444015444015,0.8742771298612781,1038,1521,422,257,0.21718991250643324,0.19845559845559832,B: z0+eps+physics,safe_max(g<=0.80),bn-GB,max-f1,SVD
0.3899999999999999,0.7903026559604694,0.7921772445189841,0.7535390199637023,0.7109589041095891,0.8015444015444015,0.8742771298612781,1038,1521,422,257,0.21718991250643324,0.19845559845559832,B: z0+eps+physics,safe_max(g<=0.80),bn-GB,max-balacc,SVD
0.5599999999999997,0.8017294626312539,0.7782631245317813,0.7272727272727273,0.8083097261567517,0.661003861003861,0.8742771298612781,856,1740,203,439,0.10447761194029846,0.3389961389961388,B: z0+eps+physics,safe_max(g<=0.80),bn-GB,max-acc,SVD
0.5,0.7668313773934528,0.7496994457879687,0.694949494949495,0.7288135593220338,0.6640926640926641,0.8338834386183844,860,1623,320,435,0.16469377251672662,0.3359073359073357,B: z0+eps+physics,safe_max(g<=0.80),bn-LR,default(0.5),SVD
0.40868910679290715,0.7665225447807289,0.7636064120881414,0.7195845697329377,0.6923625981441828,0.749034749034749,0.8338834386183844,970,1512,431,325,0.2218219248584662,0.2509652509652508,B: z0+eps+physics,safe_max(g<=0.80),bn-LR,youden,SVD
0.3999999999999998,0.7637430512662137,0.7618054713782969,0.7180243273129377,0.68688293370945,0.7521235521235521,0.8338834386183844,974,1499,444,321,0.2285126093669582,0.2478764478764477,B: z0+eps+physics,safe_max(g<=0.80),bn-LR,max-f1,SVD
0.4099999999999998,0.7655960469425571,0.7623193445632972,0.717948717948718,0.6919770773638968,0.745945945945946,0.8338834386183844,966,1513,430,329,0.22130725681935143,0.2540540540540539,B: z0+eps+physics,safe_max(g<=0.80),bn-LR,max-balacc,SVD
0.5699999999999997,0.7705373687461395,0.7436450419981042,0.6798793623438173,0.7690058479532164,0.6092664092664093,0.8338834386183844,789,1706,237,506,0.12197632527020066,0.3907335907335905,B: z0+eps+physics,safe_max(g<=0.80),bn-LR,max-acc,SVD
0.5,0.7872143298332304,0.755094518089886,0.6908927770300584,0.8244111349036403,0.5945945945945946,0.8680581912697198,770,1779,164,525,0.0844055584148224,0.4054054054054051,B: z0+eps+physics,safe_max(g<=0.80),bn-GB+Platt,default(0.5),SVD
0.38552081452006276,0.7927733168622606,0.7867674674159492,0.7449638920562524,0.7335329341317365,0.7567567567567568,0.8680581912697198,980,1587,356,315,0.1832218219248584,0.24324324324324306,B: z0+eps+physics,safe_max(g<=0.80),bn-GB+Platt,youden,SVD
0.33999999999999986,0.7798023471278567,0.785101850619092,0.7467140319715808,0.6914473684210526,0.8115830115830116,0.8680581912697198,1051,1474,469,244,0.24137931034482749,0.18841698841698828,B: z0+eps+physics,safe_max(g<=0.80),bn-GB+Platt,max-f1,SVD
0.33999999999999986,0.7798023471278567,0.785101850619092,0.7467140319715808,0.6914473684210526,0.8115830115830116,0.8680581912697198,1051,1474,469,244,0.24137931034482749,0.18841698841698828,B: z0+eps+physics,safe_max(g<=0.80),bn-GB+Platt,max-balacc,SVD
0.43999999999999984,0.7961704756022236,0.7772365704429522,0.728171334431631,0.7802294792586054,0.6826254826254826,0.8680581912697198,884,1694,249,411,0.1281523417395779,0.31737451737451716,B: z0+eps+physics,safe_max(g<=0.80),bn-GB+Platt,max-acc,SVD
0.5,0.7853613341568869,0.7496875229762517,0.6804597701149425,0.8409090909090909,0.5714285714285714,0.8675065625142826,740,1803,140,555,0.0720535254760679,0.42857142857142827,B: z0+eps+physics,safe_max(g<=0.80),bn-GB+isotonic,default(0.5),SVD
0.4019359171901545,0.7992588017294626,0.7865057616987622,0.7422680412371134,0.7628361858190709,0.7227799227799228,0.8675065625142826,936,1652,291,359,0.14976839938239828,0.277220077220077,B: z0+eps+physics,safe_max(g<=0.80),bn-GB+isotonic,youden,SVD
0.33999999999999986,0.7816553428042001,0.7844568265052053,0.7452252252252253,0.6986486486486486,0.7984555984555984,0.8675065625142826,1034,1497,446,261,0.22954194544518775,0.2015444015444014,B: z0+eps+physics,safe_max(g<=0.80),bn-GB+isotonic,max-f1,SVD
0.3999999999999998,0.7977146386658431,0.7859916898002333,0.7420244190626231,0.7572347266881029,0.7274131274131274,0.8675065625142826,942,1641,302,353,0.15542974781266075,0.2725868725868724,B: z0+eps+physics,safe_max(g<=0.80),bn-GB+isotonic,max-balacc,SVD
0.4099999999999998,0.7995676343421866,0.7841877683874596,0.7384119306731157,0.7723440134907251,0.7073359073359073,0.8675065625142826,916,1673,270,379,0.1389603705609881,0.29266409266409243,B: z0+eps+physics,safe_max(g<=0.80),bn-GB+isotonic,max-acc,SVD
0.5,0.794935145151328,0.7801989917275558,0.7337610264635124,0.7631359466221852,0.7065637065637066,0.8705607894491065,915,1659,284,380,0.14616572310859488,0.29343629343629324,B: z0+eps+physics,safe_max(g<=0.80),GB+LR(0.7),default(0.5),SVD
0.37034302574317846,0.7869054972205065,0.7920506640012559,0.7542735042735043,0.6999339061467283,0.8177606177606178,0.8705607894491065,1059,1489,454,236,0.2336592897581059,0.1822393822393821,B: z0+eps+physics,safe_max(g<=0.80),GB+LR(0.7),youden,SVD
0.3699999999999999,0.7869054972205065,0.7920506640012559,0.7542735042735043,0.6999339061467283,0.8177606177606178,0.8705607894491065,1059,1489,454,236,0.2336592897581059,0.1822393822393821,B: z0+eps+physics,safe_max(g<=0.80),GB+LR(0.7),max-f1,SVD
0.3699999999999999,0.7869054972205065,0.7920506640012559,0.7542735042735043,0.6999339061467283,0.8177606177606178,0.8705607894491065,1059,1489,454,236,0.2336592897581059,0.1822393822393821,B: z0+eps+physics,safe_max(g<=0.80),GB+LR(0.7),max-balacc,SVD
0.4999999999999998,0.794935145151328,0.7801989917275558,0.7337610264635124,0.7631359466221852,0.7065637065637066,0.8705607894491065,915,1659,284,380,0.14616572310859488,0.29343629343629324,B: z0+eps+physics,safe_max(g<=0.80),GB+LR(0.7),max-acc,SVD
0.5,0.6653819201121234,0.6644227935440251,0.6394865987164968,0.6255539143279173,0.654054054054054,0.7252723629888478,847,1052,507,448,0.32520846696600364,0.3459459459459457,B: z0+eps+physics,safe_max(g<=0.65),bn-GB,default(0.5),ZS
0.4486969191427424,0.6674842326559215,0.6719045720328594,0.6626377532883043,0.613965744400527,0.7196911196911197,0.7252723629888478,932,973,586,363,0.37588197562540065,0.2803088803088801,B: z0+eps+physics,safe_max(g<=0.65),bn-GB,youden,ZS
0.2899999999999999,0.6240364400840925,0.6429235154700197,0.6715641261095806,0.5562880324543611,0.8471042471042471,0.7252723629888478,1097,684,875,198,0.5612572161642075,0.1528957528957528,B: z0+eps+physics,safe_max(g<=0.65),bn-GB,max-f1,ZS
0.44999999999999984,0.6657323055360898,0.6698433061486301,0.6597717546362339,0.6129887342611001,0.7142857142857143,0.7252723629888478,925,975,584,370,0.3745991019884539,0.28571428571428553,B: z0+eps+physics,safe_max(g<=0.65),bn-GB,max-balacc,ZS
0.44999999999999984,0.6657323055360898,0.6698433061486301,0.6597717546362339,0.6129887342611001,0.7142857142857143,0.7252723629888478,925,975,584,370,0.3745991019884539,0.28571428571428553,B: z0+eps+physics,safe_max(g<=0.65),bn-GB,max-acc,ZS
0.5,0.6233356692361598,0.6190060948880705,0.5795854517012123,0.5871632329635499,0.5722007722007721,0.6682350085813844,741,1038,521,554,0.33418858242463095,0.4277992277992275,B: z0+eps+physics,safe_max(g<=0.65),bn-LR,default(0.5),ZS
0.44239939038350823,0.6243868255080589,0.626964121640196,0.6127167630057804,0.5756958587915818,0.6548262548262548,0.6682350085813844,848,934,625,447,0.4008980115458625,0.34517374517374494,B: z0+eps+physics,safe_max(g<=0.65),bn-LR,youden,ZS
0.24999999999999992,0.559915907498248,0.5842320465797053,0.6359420289855072,0.5090487238979118,0.8471042471042471,0.6682350085813844,1097,501,1058,198,0.678640153944836,0.1528957528957528,B: z0+eps+physics,safe_max(g<=0.65),bn-LR,max-f1,ZS
0.4299999999999998,0.6219341275402943,0.6260267323128131,0.616696269982238,0.5710526315789474,0.6702702702702703,0.6682350085813844,868,907,652,427,0.41821680564464375,0.32972972972972947,B: z0+eps+physics,safe_max(g<=0.65),bn-LR,max-balacc,ZS
0.6199999999999998,0.6338472319551507,0.6160743076073416,0.5123658422771815,0.6474056603773585,0.42393822393822395,0.6682350085813844,549,1260,299,746,0.19178960872354062,0.5760617760617757,B: z0+eps+physics,safe_max(g<=0.65),bn-LR,max-acc,ZS
0.5,0.6765942536790469,0.669782134374822,0.6258613700851237,0.658703071672355,0.5961389961389961,0.7300863586944408,772,1159,400,523,0.256574727389352,0.4038610038610036,B: z0+eps+physics,safe_max(g<=0.65),bn-GB+Platt,default(0.5),ZS
0.42236651516033435,0.6720392431674842,0.6758123834454816,0.664756446991404,0.6199064796259185,0.7166023166023165,0.7300863586944408,928,990,569,367,0.3649775497113532,0.2833976833976832,B: z0+eps+physics,safe_max(g<=0.65),bn-GB+Platt,youden,ZS
0.33999999999999986,0.6433076384022425,0.6580131308803534,0.6751754945756222,0.5753126699293094,0.816988416988417,0.7300863586944408,1058,778,781,237,0.5009621552277098,0.18301158301158288,B: z0+eps+physics,safe_max(g<=0.65),bn-GB+Platt,max-f1,ZS
0.48999999999999977,0.6793973370707779,0.6738516671165805,0.6347305389221557,0.6570247933884298,0.6138996138996139,0.7300863586944408,795,1144,415,500,0.2661962796664527,0.38610038610038583,B: z0+eps+physics,safe_max(g<=0.65),bn-GB+Platt,max-balacc,ZS
0.48999999999999977,0.6793973370707779,0.6738516671165805,0.6347305389221557,0.6570247933884298,0.6138996138996139,0.7300863586944408,795,1144,415,500,0.2661962796664527,0.38610038610038583,B: z0+eps+physics,safe_max(g<=0.65),bn-GB+Platt,max-acc,ZS
0.5,0.6762438682550805,0.6677614845671292,0.6175496688741722,0.6654772524531668,0.5760617760617761,0.7311411383893744,746,1184,375,549,0.2405388069275175,0.4239382239382236,B: z0+eps+physics,safe_max(g<=0.65),bn-GB+isotonic,default(0.5),ZS
0.4749710946461328,0.6829011913104415,0.6782357267924939,0.6424338206242591,0.6577669902912622,0.6277992277992278,0.7311411383893744,813,1136,423,482,0.27132777421423976,0.3722007722007719,B: z0+eps+physics,safe_max(g<=0.65),bn-GB+isotonic,youden,ZS
0.34999999999999987,0.6433076384022425,0.6580131308803534,0.6751754945756222,0.5753126699293094,0.816988416988417,0.7311411383893744,1058,778,781,237,0.5009621552277098,0.18301158301158288,B: z0+eps+physics,safe_max(g<=0.65),bn-GB+isotonic,max-f1,ZS
0.46999999999999986,0.680448493342677,0.6765137537427467,0.6429130775254502,0.6521048451151708,0.633976833976834,0.7311411383893744,821,1121,438,474,0.2809493264913404,0.36602316602316576,B: z0+eps+physics,safe_max(g<=0.65),bn-GB+isotonic,max-balacc,ZS
0.47999999999999976,0.6811492641906096,0.6762398428851284,0.6394611727416799,0.6566314076484947,0.6231660231660232,0.7311411383893744,807,1137,422,488,0.27068633739576636,0.37683397683397657,B: z0+eps+physics,safe_max(g<=0.65),bn-GB+isotonic,max-acc,ZS
0.5,0.6611772950245269,0.6593972970496382,0.6316190476190476,0.6233082706766917,0.6401544401544401,0.7185127581535535,829,1058,501,466,0.3213598460551634,0.3598455598455596,B: z0+eps+physics,safe_max(g<=0.65),GB+LR(0.7),default(0.5),ZS
0.4153305374339523,0.6555711282410652,0.6628962234478591,0.6616179001721171,0.5968944099378882,0.7420849420849421,0.7185127581535535,961,910,649,334,0.4162924951892236,0.25791505791505775,B: z0+eps+physics,safe_max(g<=0.65),GB+LR(0.7),youden,ZS
0.3599999999999999,0.6394533987386125,0.6531122068646122,0.6683854334514986,0.5735619469026548,0.8007722007722008,0.7185127581535535,1037,788,771,258,0.494547787042976,0.1992277992277991,B: z0+eps+physics,safe_max(g<=0.65),GB+LR(0.7),max-f1,ZS
0.4099999999999998,0.6538192011212334,0.6617503052397216,0.6621067031463749,0.5942295887047269,0.7474903474903475,0.7185127581535535,968,898,661,327,0.4239897370109042,0.25250965250965235,B: z0+eps+physics,safe_max(g<=0.65),GB+LR(0.7),max-balacc,ZS
0.5899999999999997,0.6671338472319551,0.6552383594076987,0.5894554883318929,0.6692836113837095,0.5266409266409267,0.7185127581535535,682,1222,337,613,0.21616420782552906,0.473359073359073,B: z0+eps+physics,safe_max(g<=0.65),GB+LR(0.7),max-acc,ZS
0.5,0.7298528381219341,0.7291885948075814,0.7080651268458917,0.6946508172362555,0.722007722007722,0.8050700751149756,935,1148,411,360,0.2636305323925592,0.27799227799227777,B: z0+eps+physics,safe_max(g<=0.80),bn-GB,default(0.5),ZS
0.5384251363491366,0.7410651716888578,0.7373593606435171,0.7096267190569745,0.7224,0.6972972972972973,0.8050700751149756,903,1212,347,392,0.22257857601026285,0.3027027027027025,B: z0+eps+physics,safe_max(g<=0.80),bn-GB,youden,ZS
0.4099999999999998,0.716187806587246,0.7222380448807646,0.7157894736842105,0.6559485530546624,0.7876447876447876,0.8050700751149756,1020,1024,535,275,0.3431686978832583,0.2123552123552122,B: z0+eps+physics,safe_max(g<=0.80),bn-GB,max-f1,ZS
0.5399999999999998,0.740364400840925,0.7365217778944527,0.7083825265643447,0.7223113964686998,0.694980694980695,0.8050700751149756,900,1213,346,395,0.22193713919178948,0.3050193050193048,B: z0+eps+physics,safe_max(g<=0.80),bn-GB,max-balacc,ZS
0.5399999999999998,0.740364400840925,0.7365217778944527,0.7083825265643447,0.7223113964686998,0.694980694980695,0.8050700751149756,900,1213,346,395,0.22193713919178948,0.3050193050193048,B: z0+eps+physics,safe_max(g<=0.80),bn-GB,max-acc,ZS
0.5,0.7414155571128241,0.7363070575386162,0.7050359712230215,0.7307373653686827,0.6810810810810811,0.7932290028505551,882,1234,325,413,0.2084669660038485,0.3189189189189187,B: z0+eps+physics,safe_max(g<=0.80),bn-LR,default(0.5),ZS
0.49616720232676254,0.7417659425367905,0.7370200678090351,0.706725029844807,0.729064039408867,0.6857142857142857,0.7932290028505551,888,1229,330,407,0.2116741500962154,0.31428571428571406,B: z0+eps+physics,safe_max(g<=0.80),bn-LR,youden,ZS
0.45999999999999985,0.732655921513665,0.7311659042897016,0.7082217973231357,0.7015151515151515,0.715057915057915,0.7932290028505551,926,1165,394,369,0.25272610647851174,0.28494208494208473,B: z0+eps+physics,safe_max(g<=0.80),bn-LR,max-f1,ZS
0.4999999999999998,0.7414155571128241,0.7363070575386162,0.7050359712230215,0.7307373653686827,0.6810810810810811,0.7932290028505551,882,1234,325,413,0.2084669660038485,0.3189189189189187,B: z0+eps+physics,safe_max(g<=0.80),bn-LR,max-balacc,ZS
0.4999999999999998,0.7414155571128241,0.7363070575386162,0.7050359712230215,0.7307373653686827,0.6810810810810811,0.7932290028505551,882,1234,325,413,0.2084669660038485,0.3189189189189187,B: z0+eps+physics,safe_max(g<=0.80),bn-LR,max-acc,ZS
0.5,0.7389628591450595,0.7350427583269148,0.7065773926742812,0.7210610932475884,0.6926640926640927,0.8096641496256635,897,1212,347,398,0.22257857601026285,0.3073359073359071,B: z0+eps+physics,safe_max(g<=0.80),bn-GB+Platt,default(0.5),ZS
0.455624031347209,0.7365101611772951,0.7373090858658531,0.7198211624441133,0.6954643628509719,0.745945945945946,0.8096641496256635,966,1136,423,329,0.27132777421423976,0.2540540540540539,B: z0+eps+physics,safe_max(g<=0.80),bn-GB+Platt,youden,ZS
0.4199999999999998,0.7284512964260687,0.7329401333891392,0.7231153983565559,0.6728723404255319,0.7814671814671814,0.8096641496256635,1012,1067,492,283,0.315586914688903,0.2185328185328184,B: z0+eps+physics,safe_max(g<=0.80),bn-GB+Platt,max-f1,ZS
0.44999999999999984,0.7347582340574632,0.736032403703988,0.7195257502778807,0.6915954415954416,0.7498069498069498,0.8096641496256635,971,1126,433,324,0.27774214239897355,0.25019305019305,B: z0+eps+physics,safe_max(g<=0.80),bn-GB+Platt,max-balacc,ZS
0.5599999999999997,0.7400140154169587,0.7303166815674833,0.6858594411515665,0.7591377694470478,0.6254826254826255,0.8096641496256635,810,1302,257,485,0.16484926234765865,0.37451737451737427,B: z0+eps+physics,safe_max(g<=0.80),bn-GB+Platt,max-acc,ZS
0.5,0.7393132445690259,0.7332058714996496,0.6990291262135923,0.7340696686491079,0.6671814671814672,0.8104630975702176,864,1246,313,431,0.20076972418216793,0.3328185328185326,B: z0+eps+physics,safe_max(g<=0.80),bn-GB+isotonic,default(0.5),ZS
0.43181643181643187,0.7361597757533287,0.7378383331558444,0.7222427148653633,0.6913841807909604,0.7559845559845559,0.8104630975702176,979,1122,437,316,0.28030788967286707,0.24401544401544384,B: z0+eps+physics,safe_max(g<=0.80),bn-GB+isotonic,youden,ZS
0.4099999999999998,0.7305536089698669,0.7343413880296498,0.7230824630896651,0.6774628879892037,0.7752895752895753,0.8104630975702176,1004,1081,478,291,0.3066067992302756,0.22471042471042454,B: z0+eps+physics,safe_max(g<=0.80),bn-GB+isotonic,max-f1,ZS
0.4299999999999998,0.735459004905396,0.7372622783142347,0.7219152854511971,0.6901408450704225,0.7567567567567568,0.8104630975702176,980,1119,440,315,0.2822322001282872,0.24324324324324306,B: z0+eps+physics,safe_max(g<=0.80),bn-GB+isotonic,max-balacc,ZS
0.5299999999999998,0.7421163279607569,0.73341786760645,0.6923076923076923,0.7547857793983591,0.6393822393822394,0.8104630975702176,828,1290,269,467,0.17254650416933923,0.36061776061776035,B: z0+eps+physics,safe_max(g<=0.80),bn-GB+isotonic,max-acc,ZS
0.5,0.7389628591450595,0.7370042176328258,0.7133512889572913,0.7108895705521472,0.7158301158301158,0.8125469004237444,927,1182,377,368,0.24182168056446426,0.284169884169884,B: z0+eps+physics,safe_max(g<=0.80),GB+LR(0.7),default(0.5),ZS
0.4908333084607692,0.7407147862648914,0.7393270114245099,0.7171253822629969,0.7100681302043906,0.7243243243243244,0.8125469004237444,938,1176,383,357,0.24567030147530453,0.27567567567567547,B: z0+eps+physics,safe_max(g<=0.80),GB+LR(0.7),youden,ZS
0.4099999999999998,0.7291520672740014,0.7344969178837042,0.7263716814159292,0.6705882352941176,0.7922779922779922,0.8125469004237444,1026,1055,504,269,0.3232841565105835,0.20772200772200758,B: z0+eps+physics,safe_max(g<=0.80),GB+LR(0.7),max-f1,ZS
0.48999999999999977,0.7396636299929923,0.7383648561967997,0.7163039327987781,0.7084592145015106,0.7243243243243244,0.8125469004237444,938,1173,386,357,0.24759461193072468,0.27567567567567547,B: z0+eps+physics,safe_max(g<=0.80),GB+LR(0.7),max-balacc,ZS
0.5799999999999997,0.7449194113524877,0.7361143788340709,0.695142378559464,0.7593778591033852,0.640926640926641,0.8125469004237444,830,1296,263,465,0.16869788325849894,0.3590733590733588,B: z0+eps+physics,safe_max(g<=0.80),GB+LR(0.7),max-acc,ZS
0.5,0.9296388542963886,0.9183787409139521,0.9079054604726976,0.9611734253666955,0.8602316602316602,0.9815602322644574,1114,1872,45,181,0.023474178403755857,0.13976833976833966,D: z0+eps+physics+csv,safe_max(g<=0.65),bn-GB,default(0.5),DC
0.2576419410037743,0.9380448318804483,0.9393266505942562,0.9248773121932805,0.9047267355982275,0.9459459459459459,0.9815602322644574,1225,1788,129,70,0.06729264475743346,0.054054054054054015,D: z0+eps+physics+csv,safe_max(g<=0.65),bn-GB,youden,DC
0.29999999999999993,0.9392901618929016,0.9382402523247593,0.9253159708923784,0.9179331306990881,0.9328185328185328,0.9815602322644574,1208,1809,108,87,0.05633802816901406,0.06718146718146713,D: z0+eps+physics+csv,safe_max(g<=0.65),bn-GB,max-f1,DC
0.2599999999999999,0.9374221668742216,0.9384291736404412,0.924007561436673,0.9051851851851852,0.9436293436293436,0.9815602322644574,1222,1789,128,73,0.0667709963484611,0.05637065637065633,D: z0+eps+physics+csv,safe_max(g<=0.65),bn-GB,max-balacc,DC
0.29999999999999993,0.9392901618929016,0.9382402523247593,0.9253159708923784,0.9179331306990881,0.9328185328185328,0.9815602322644574,1208,1809,108,87,0.05633802816901406,0.06718146718146713,D: z0+eps+physics+csv,safe_max(g<=0.65),bn-GB,max-acc,DC
0.5,0.8897882938978829,0.8682062344034176,0.8470181503889369,0.9617271835132483,0.7567567567567568,0.9684364444927827,980,1878,39,315,0.020344287949921745,0.24324324324324306,D: z0+eps+physics+csv,safe_max(g<=0.65),bn-LR,default(0.5),DC
0.28651814660810754,0.9168742216687422,0.9135729290658867,0.8968713789107764,0.8972179289026275,0.8965250965250965,0.9684364444927827,1161,1784,133,134,0.06937923839332287,0.1034749034749034,D: z0+eps+physics+csv,safe_max(g<=0.65),bn-LR,youden,DC
0.2699999999999999,0.9150062266500623,0.9130101932918835,0.8954423592493298,0.8882978723404256,0.9027027027027027,0.9684364444927827,1169,1770,147,126,0.0766823161189358,0.09729729729729723,D: z0+eps+physics+csv,safe_max(g<=0.65),bn-LR,max-f1,DC
0.2699999999999999,0.9150062266500623,0.9130101932918835,0.8954423592493298,0.8882978723404256,0.9027027027027027,0.9684364444927827,1169,1770,147,126,0.0766823161189358,0.09729729729729723,D: z0+eps+physics+csv,safe_max(g<=0.65),bn-LR,max-balacc,DC
0.2899999999999999,0.9153175591531756,0.9112665985905423,0.8944918541505043,0.8986749805144193,0.8903474903474904,0.9684364444927827,1153,1787,130,142,0.0678142931664058,0.10965250965250957,D: z0+eps+physics+csv,safe_max(g<=0.65),bn-LR,max-acc,DC
0.5,0.9156288916562889,0.8982481475439221,0.8854122621564482,0.9785046728971962,0.8084942084942085,0.9817269986284072,1047,1894,23,248,0.011997913406364104,0.19150579150579136,D: z0+eps+physics+csv,safe_max(g<=0.65),bn-GB+Platt,default(0.5),DC
0.22680168466405215,0.9374221668742216,0.9370511356426849,0.9233701868089973,0.9118975903614458,0.9351351351351351,0.9817269986284072,1211,1800,117,84,0.06103286384976523,0.06486486486486481,D: z0+eps+physics+csv,safe_max(g<=0.65),bn-GB+Platt,youden,DC
0.22999999999999995,0.936799501867995,0.9359031063256416,0.9223709369024856,0.9136363636363637,0.9312741312741313,0.9817269986284072,1206,1803,114,89,0.05946791862284817,0.06872586872586868,D: z0+eps+physics+csv,safe_max(g<=0.65),bn-GB+Platt,max-f1,DC
0.22999999999999995,0.936799501867995,0.9359031063256416,0.9223709369024856,0.9136363636363637,0.9312741312741313,0.9817269986284072,1206,1803,114,89,0.05946791862284817,0.06872586872586868,D: z0+eps+physics+csv,safe_max(g<=0.65),bn-GB+Platt,max-balacc,DC
0.29999999999999993,0.9374221668742216,0.9320400883781166,0.9209594966574911,0.938301282051282,0.9042471042471042,0.9817269986284072,1171,1840,77,124,0.040166927490871134,0.09575289575289568,D: z0+eps+physics+csv,safe_max(g<=0.65),bn-GB+Platt,max-acc,DC
0.5,0.912826899128269,0.8938963107977193,0.8804440649017934,0.9847182425978988,0.7961389961389962,0.9819332410881707,1031,1901,16,264,0.008346374543557638,0.20386100386100373,D: z0+eps+physics+csv,safe_max(g<=0.65),bn-GB+isotonic,default(0.5),DC
0.2116275880981763,0.9330635118306351,0.9346523585960206,0.9190816710575838,0.8964757709251101,0.9428571428571428,0.9819332410881707,1221,1776,141,74,0.07355242566510169,0.0571428571428571,D: z0+eps+physics+csv,safe_max(g<=0.65),bn-GB+isotonic,youden,DC
0.24999999999999992,0.9343088418430884,0.9326890270552242,0.9190019193857966,0.9137404580152672,0.9243243243243243,0.9819332410881707,1197,1804,113,98,0.05894627021387582,0.07567567567567562,D: z0+eps+physics+csv,safe_max(g<=0.65),bn-GB+isotonic,max-f1,DC
0.20999999999999996,0.9321295143212951,0.933869885982562,0.9180451127819549,0.8945054945054945,0.9428571428571428,0.9819332410881707,1221,1773,144,74,0.07511737089201874,0.0571428571428571,D: z0+eps+physics+csv,safe_max(g<=0.65),bn-GB+isotonic,max-balacc,DC
0.2599999999999999,0.9346201743462017,0.9321981941700253,0.9189814814814815,0.9182729375481882,0.9196911196911197,0.9819332410881707,1191,1811,106,104,0.055294731351069354,0.08030888030888025,D: z0+eps+physics+csv,safe_max(g<=0.65),bn-GB+isotonic,max-acc,DC
0.5,0.9274595267745953,0.9153002096664069,0.9045473166734944,0.9633507853403142,0.8525096525096525,0.9840617277236996,1104,1875,42,191,0.0219092331768388,0.1474903474903474,D: z0+eps+physics+csv,safe_max(g<=0.65),GB+LR(0.7),default(0.5),DC
0.2833207294205952,0.9442714819427148,0.9449189632288224,0.932068311195446,0.9164179104477612,0.9482625482625483,0.9840617277236996,1228,1805,112,67,0.058424621804903466,0.0517374517374517,D: z0+eps+physics+csv,safe_max(g<=0.65),GB+LR(0.7),youden,DC
0.30999999999999994,0.9445828144458281,0.9434259208907096,0.9316960859554874,0.9260106788710908,0.9374517374517375,0.9840617277236996,1214,1820,97,81,0.05059989567031818,0.0625482625482625,D: z0+eps+physics+csv,safe_max(g<=0.65),GB+LR(0.7),max-f1,DC
0.2799999999999999,0.9436488169364882,0.9445225910014643,0.9314134141720348,0.9144345238095238,0.949034749034749,0.9840617277236996,1229,1802,115,66,0.059989567031820526,0.05096525096525093,D: z0+eps+physics+csv,safe_max(g<=0.65),GB+LR(0.7),max-balacc,DC
0.30999999999999994,0.9445828144458281,0.9434259208907096,0.9316960859554874,0.9260106788710908,0.9374517374517375,0.9840617277236996,1214,1820,97,81,0.05059989567031818,0.0625482625482625,D: z0+eps+physics+csv,safe_max(g<=0.65),GB+LR(0.7),max-acc,DC
0.5,0.9417808219178082,0.9329355512454104,0.924748490945674,0.965546218487395,0.8872586872586873,0.9846832748241199,1149,1876,41,146,0.02138758476786645,0.11274131274131266,D: z0+eps+physics+csv,safe_max(g<=0.80),bn-GB,default(0.5),DC
0.31289519964148566,0.9514321295143213,0.9495398819342481,0.9397683397683397,0.9397683397683397,0.9397683397683397,0.9846832748241199,1217,1839,78,78,0.04068857589984349,0.06023166023166019,D: z0+eps+physics+csv,safe_max(g<=0.80),bn-GB,youden,DC
0.3199999999999999,0.9514321295143213,0.9491640533894055,0.9396284829721362,0.9418153607447634,0.9374517374517375,0.9846832748241199,1214,1842,75,81,0.03912363067292643,0.0625482625482625,D: z0+eps+physics+csv,safe_max(g<=0.80),bn-GB,max-f1,DC
0.3199999999999999,0.9514321295143213,0.9491640533894055,0.9396284829721362,0.9418153607447634,0.9374517374517375,0.9846832748241199,1214,1842,75,81,0.03912363067292643,0.0625482625482625,D: z0+eps+physics+csv,safe_max(g<=0.80),bn-GB,max-balacc,DC
0.3199999999999999,0.9514321295143213,0.9491640533894055,0.9396284829721362,0.9418153607447634,0.9374517374517375,0.9846832748241199,1214,1842,75,81,0.03912363067292643,0.0625482625482625,D: z0+eps+physics+csv,safe_max(g<=0.80),bn-GB,max-acc,DC
0.5,0.9140722291407223,0.898572616882476,0.8848080133555927,0.9627611262488647,0.8185328185328186,0.974045272636822,1060,1876,41,235,0.02138758476786645,0.18146718146718133,D: z0+eps+physics+csv,safe_max(g<=0.80),bn-LR,default(0.5),DC
0.3128137030240358,0.9246575342465754,0.9209704674493406,0.9061287820015516,0.9103663289166017,0.901930501930502,0.974045272636822,1168,1802,115,127,0.059989567031820526,0.098069498069498,D: z0+eps+physics+csv,safe_max(g<=0.80),bn-LR,youden,DC
0.32999999999999985,0.925280199252802,0.9202393540421709,0.9061032863849765,0.9183187946074544,0.8942084942084942,0.974045272636822,1158,1814,103,137,0.053729786124152294,0.10579150579150572,D: z0+eps+physics+csv,safe_max(g<=0.80),bn-LR,max-f1,DC
0.32999999999999985,0.925280199252802,0.9202393540421709,0.9061032863849765,0.9183187946074544,0.8942084942084942,0.974045272636822,1158,1814,103,137,0.053729786124152294,0.10579150579150572,D: z0+eps+physics+csv,safe_max(g<=0.80),bn-LR,max-balacc,DC
0.34999999999999987,0.9259028642590287,0.919382964453387,0.906003159557662,0.9272433306386418,0.8857142857142857,0.974045272636822,1147,1827,90,148,0.046948356807511714,0.1142857142857142,D: z0+eps+physics+csv,safe_max(g<=0.80),bn-LR,max-acc,DC
0.5,0.9283935242839353,0.9130760539211243,0.9037656903765691,0.9863013698630136,0.833976833976834,0.9858268731508169,1080,1902,15,215,0.007824726134585286,0.1660231660231659,D: z0+eps+physics+csv,safe_max(g<=0.80),bn-GB+Platt,default(0.5),DC
0.23564730247216903,0.9486301369863014,0.9471924640938725,0.9365140438630243,0.933282208588957,0.9397683397683397,0.9858268731508169,1217,1830,87,78,0.045383411580594654,0.06023166023166019,D: z0+eps+physics+csv,safe_max(g<=0.80),bn-GB+Platt,youden,DC
0.2599999999999999,0.9489414694894147,0.9456994217557597,0.9361867704280156,0.9435294117647058,0.9289575289575289,0.9858268731508169,1203,1845,72,92,0.03755868544600937,0.071042471042471,D: z0+eps+physics+csv,safe_max(g<=0.80),bn-GB+Platt,max-f1,DC
0.23999999999999994,0.9476961394769614,0.945783610572343,0.9351851851851852,0.9344641480339244,0.9359073359073359,0.9858268731508169,1212,1832,85,83,0.04434011476264995,0.06409266409266405,D: z0+eps+physics+csv,safe_max(g<=0.80),bn-GB+Platt,max-balacc,DC
0.2599999999999999,0.9489414694894147,0.9456994217557597,0.9361867704280156,0.9435294117647058,0.9289575289575289,0.9858268731508169,1203,1845,72,92,0.03755868544600937,0.071042471042471,D: z0+eps+physics+csv,safe_max(g<=0.80),bn-GB+Platt,max-acc,DC
0.5,0.9215442092154421,0.9042060168820732,0.8933107535986452,0.9887535145267105,0.8146718146718147,0.9857330167189323,1055,1905,12,240,0.006259780907668228,0.1853281853281852,D: z0+eps+physics+csv,safe_max(g<=0.80),bn-GB+isotonic,default(0.5),DC
0.21817236934552578,0.9473848069738481,0.9474019290920699,0.9355699580632864,0.9239457831325302,0.9474903474903474,0.9857330167189323,1227,1816,101,68,0.05268648930620759,0.05250965250965247,D: z0+eps+physics+csv,safe_max(g<=0.80),bn-GB+isotonic,youden,DC
0.2699999999999999,0.949252801992528,0.9450833126889465,0.9362035225048924,0.9492063492063492,0.9235521235521236,0.9857330167189323,1196,1853,64,99,0.03338549817423055,0.0764478764478764,D: z0+eps+physics+csv,safe_max(g<=0.80),bn-GB+isotonic,max-f1,DC
0.21999999999999995,0.9467621419676214,0.9466297283198692,0.9347577260587562,0.9238310708898945,0.9459459459459459,0.9857330167189323,1225,1816,101,70,0.05268648930620759,0.054054054054054015,D: z0+eps+physics+csv,safe_max(g<=0.80),bn-GB+isotonic,max-balacc,DC
0.2699999999999999,0.949252801992528,0.9450833126889465,0.9362035225048924,0.9492063492063492,0.9235521235521236,0.9857330167189323,1196,1853,64,99,0.03338549817423055,0.0764478764478764,D: z0+eps+physics+csv,safe_max(g<=0.80),bn-GB+isotonic,max-acc,DC
0.5,0.9427148194271482,0.9329663667691837,0.9255060728744939,0.9727659574468085,0.8826254826254826,0.9875771143376776,1143,1885,32,152,0.016692749087115277,0.11737451737451729,D: z0+eps+physics+csv,safe_max(g<=0.80),GB+LR(0.7),default(0.5),DC
0.27364190336741,0.9539227895392279,0.9543825515656501,0.9436405178979437,0.9308790383170549,0.9567567567567568,0.9875771143376776,1239,1825,92,56,0.04799165362545642,0.04324324324324321,D: z0+eps+physics+csv,safe_max(g<=0.80),GB+LR(0.7),youden,DC
0.2899999999999999,0.9536114570361146,0.9532447940898645,0.9429774205893608,0.9347496206373292,0.9513513513513514,0.9875771143376776,1232,1831,86,63,0.044861763171622306,0.04864864864864862,D: z0+eps+physics+csv,safe_max(g<=0.80),GB+LR(0.7),max-f1,DC
0.2699999999999999,0.9533001245330013,0.9538609031566778,0.9429223744292238,0.9294823705926482,0.9567567567567568,0.9875771143376776,1239,1823,94,56,0.04903495044340112,0.04324324324324321,D: z0+eps+physics+csv,safe_max(g<=0.80),GB+LR(0.7),max-balacc,DC
0.2899999999999999,0.9536114570361146,0.9532447940898645,0.9429774205893608,0.9347496206373292,0.9513513513513514,0.9875771143376776,1232,1831,86,63,0.044861763171622306,0.04864864864864862,D: z0+eps+physics+csv,safe_max(g<=0.80),GB+LR(0.7),max-acc,DC
0.5,0.8677347242921013,0.8675592284663559,0.8628814213982232,0.8632148377125193,0.8625482625482626,0.9391985011855422,1117,1212,177,178,0.12742980561555067,0.13745173745173736,D: z0+eps+physics+csv,safe_max(g<=0.65),bn-GB,default(0.5),Pika
0.6430966815375972,0.8785394932935916,0.876090962916017,0.8649544324772163,0.9329758713136729,0.8061776061776061,0.9391985011855422,1044,1314,75,251,0.05399568034557232,0.1938223938223937,D: z0+eps+physics+csv,safe_max(g<=0.65),bn-GB,youden,Pika
0.6399999999999997,0.8774217585692996,0.8750110493091054,0.8638808440215143,0.93048128342246,0.8061776061776061,0.9391985011855422,1044,1311,78,251,0.05615550755939521,0.1938223938223937,D: z0+eps+physics+csv,safe_max(g<=0.65),bn-GB,max-f1,Pika
0.6399999999999997,0.8774217585692996,0.8750110493091054,0.8638808440215143,0.93048128342246,0.8061776061776061,0.9391985011855422,1044,1311,78,251,0.05615550755939521,0.1938223938223937,D: z0+eps+physics+csv,safe_max(g<=0.65),bn-GB,max-balacc,Pika
0.6399999999999997,0.8774217585692996,0.8750110493091054,0.8638808440215143,0.93048128342246,0.8061776061776061,0.9391985011855422,1044,1311,78,251,0.05615550755939521,0.1938223938223937,D: z0+eps+physics+csv,safe_max(g<=0.65),bn-GB,max-acc,Pika
0.5,0.7928464977645305,0.7919911271963108,0.7814465408805031,0.7958366693354684,0.7675675675675676,0.8742129973231485,994,1134,255,301,0.1835853131749459,0.23243243243243228,D: z0+eps+physics+csv,safe_max(g<=0.65),bn-LR,default(0.5),Pika
0.5308266909635451,0.8014157973174366,0.7996694936219775,0.7846464646464646,0.8228813559322034,0.7498069498069498,0.8742129973231485,971,1180,209,324,0.15046796256299486,0.25019305019305,D: z0+eps+physics+csv,safe_max(g<=0.65),bn-LR,youden,Pika
0.45999999999999985,0.7928464977645305,0.7928795194453941,0.7871362940275651,0.7805618830675778,0.7938223938223938,0.8742129973231485,1028,1100,289,267,0.20806335493160533,0.20617760617760603,D: z0+eps+physics+csv,safe_max(g<=0.65),bn-LR,max-f1,Pika
0.5299999999999998,0.8006706408345753,0.7989495512173699,0.7840129188534517,0.8214890016920474,0.7498069498069498,0.8742129973231485,971,1178,211,324,0.15190784737221014,0.25019305019305,D: z0+eps+physics+csv,safe_max(g<=0.65),bn-LR,max-balacc,Pika
0.5499999999999998,0.801043219076006,0.7988130679275388,0.7809680065627563,0.8328958880139983,0.7351351351351352,0.8742129973231485,952,1198,191,343,0.1375089992800575,0.26486486486486466,D: z0+eps+physics+csv,safe_max(g<=0.65),bn-LR,max-acc,Pika
0.5,0.8804023845007451,0.879589215874313,0.8735722725482473,0.8914790996784566,0.8563706563706563,0.9430333758627496,1109,1254,135,186,0.09719222462203017,0.14362934362934354,D: z0+eps+physics+csv,safe_max(g<=0.65),bn-GB+Platt,default(0.5),Pika
0.5170158699389805,0.88301043219076,0.8819783683714569,0.8754956383822363,0.8997555012224939,0.8525096525096525,0.9430333758627496,1104,1266,123,191,0.0885529157667386,0.1474903474903474,D: z0+eps+physics+csv,safe_max(g<=0.65),bn-GB+Platt,youden,Pika
0.5199999999999998,0.8822652757078987,0.8811539092316629,0.8744038155802861,0.9009009009009009,0.8494208494208494,0.9430333758627496,1100,1268,121,195,0.08711303095752335,0.15057915057915047,D: z0+eps+physics+csv,safe_max(g<=0.65),bn-GB+Platt,max-f1,Pika
0.5199999999999998,0.8822652757078987,0.8811539092316629,0.8744038155802861,0.9009009009009009,0.8494208494208494,0.9430333758627496,1100,1268,121,195,0.08711303095752335,0.15057915057915047,D: z0+eps+physics+csv,safe_max(g<=0.65),bn-GB+Platt,max-balacc,Pika
0.5899999999999997,0.88301043219076,0.8807241675492216,0.8705688375927453,0.9336870026525199,0.8154440154440155,0.9430333758627496,1056,1314,75,239,0.05399568034557232,0.18455598455598443,D: z0+eps+physics+csv,safe_max(g<=0.65),bn-GB+Platt,max-acc,Pika
0.5,0.8774217585692996,0.8765788003368997,0.8703192747339378,0.8888888888888888,0.8525096525096525,0.9429555442514407,1104,1251,138,191,0.09935205183585306,0.1474903474903474,D: z0+eps+physics+csv,safe_max(g<=0.65),bn-GB+isotonic,default(0.5),Pika
0.5429059829059829,0.8833830104321908,0.8817634975302362,0.8736374646750101,0.9153976311336718,0.8355212355212355,0.9429555442514407,1082,1289,100,213,0.0719942404607631,0.16447876447876436,D: z0+eps+physics+csv,safe_max(g<=0.65),bn-GB+isotonic,youden,Pika
0.5399999999999998,0.8822652757078987,0.8806835839233247,0.8725806451612903,0.9130801687763713,0.8355212355212355,0.9429555442514407,1082,1286,103,213,0.07415406767458599,0.16447876447876436,D: z0+eps+physics+csv,safe_max(g<=0.65),bn-GB+isotonic,max-f1,Pika
0.5399999999999998,0.8822652757078987,0.8806835839233247,0.8725806451612903,0.9130801687763713,0.8355212355212355,0.9429555442514407,1082,1286,103,213,0.07415406767458599,0.16447876447876436,D: z0+eps+physics+csv,safe_max(g<=0.65),bn-GB+isotonic,max-balacc,Pika
0.5399999999999998,0.8822652757078987,0.8806835839233247,0.8725806451612903,0.9130801687763713,0.8355212355212355,0.9429555442514407,1082,1286,103,213,0.07415406767458599,0.16447876447876436,D: z0+eps+physics+csv,safe_max(g<=0.65),bn-GB+isotonic,max-acc,Pika
0.5,0.8681073025335321,0.8677624245658804,0.8625776397515528,0.8672911787665886,0.857915057915058,0.9381160858482673,1111,1219,170,184,0.12239020878329726,0.142084942084942,D: z0+eps+physics+csv,safe_max(g<=0.65),GB+LR(0.7),default(0.5),Pika
0.5722695584782242,0.875558867362146,0.8738905520762972,0.8649959579628133,0.90754877014419,0.8262548262548263,0.9381160858482673,1070,1280,109,225,0.07847372210223177,0.17374517374517362,D: z0+eps+physics+csv,safe_max(g<=0.65),GB+LR(0.7),youden,Pika
0.5299999999999998,0.8718330849478391,0.8708918112805801,0.8640316205533597,0.8850202429149797,0.844015444015444,0.9381160858482673,1093,1247,142,202,0.10223182145428358,0.15598455598455588,D: z0+eps+physics+csv,safe_max(g<=0.65),GB+LR(0.7),max-f1,Pika
0.5799999999999997,0.874441132637854,0.8727061217341995,0.8635074929121102,0.9080068143100511,0.8231660231660232,0.9381160858482673,1066,1281,108,229,0.07775377969762413,0.1768339768339767,D: z0+eps+physics+csv,safe_max(g<=0.65),GB+LR(0.7),max-balacc,Pika
0.5799999999999997,0.874441132637854,0.8727061217341995,0.8635074929121102,0.9080068143100511,0.8231660231660232,0.9381160858482673,1066,1281,108,229,0.07775377969762413,0.1768339768339767,D: z0+eps+physics+csv,safe_max(g<=0.65),GB+LR(0.7),max-acc,Pika
0.5,0.8699701937406855,0.870738093848245,0.8688462983840661,0.8462664714494875,0.8926640926640926,0.9500893673679851,1156,1179,210,139,0.15118790496760248,0.10733590733590725,D: z0+eps+physics+csv,safe_max(g<=0.80),bn-GB,default(0.5),Pika
0.6168904863681967,0.8845007451564829,0.883548899099655,0.877373417721519,0.8994322789943228,0.8563706563706563,0.9500893673679851,1109,1265,124,186,0.08927285817134624,0.14362934362934354,D: z0+eps+physics+csv,safe_max(g<=0.80),bn-GB,youden,Pika
0.6099999999999998,0.8826378539493294,0.8818013014557291,0.8758376034686638,0.894524959742351,0.857915057915058,0.9500893673679851,1111,1258,131,184,0.09431245500359965,0.142084942084942,D: z0+eps+physics+csv,safe_max(g<=0.80),bn-GB,max-f1,Pika
0.6399999999999997,0.8837555886736215,0.8825154064894886,0.8754988028731046,0.9058629232039637,0.8471042471042471,0.9500893673679851,1097,1275,114,198,0.08207343412526992,0.1528957528957528,D: z0+eps+physics+csv,safe_max(g<=0.80),bn-GB,max-balacc,Pika
0.6399999999999997,0.8837555886736215,0.8825154064894886,0.8754988028731046,0.9058629232039637,0.8471042471042471,0.9500893673679851,1097,1275,114,198,0.08207343412526992,0.1528957528957528,D: z0+eps+physics+csv,safe_max(g<=0.80),bn-GB,max-acc,Pika
0.5,0.8099850968703428,0.8108230414925879,0.8091317365269461,0.785039941902687,0.8347490347490347,0.8917378964895164,1081,1093,296,214,0.21310295176385874,0.16525096525096514,D: z0+eps+physics+csv,safe_max(g<=0.80),bn-LR,default(0.5),Pika
0.5527426918303728,0.8144560357675111,0.8143065620387435,0.8081664098613252,0.8063028439661799,0.81003861003861,0.8917378964895164,1049,1137,252,246,0.18142548596112298,0.18996138996138984,D: z0+eps+physics+csv,safe_max(g<=0.80),bn-LR,youden,Pika
0.47999999999999976,0.8081222056631893,0.809441252421814,0.8098929494278332,0.7758132956152758,0.8471042471042471,0.8917378964895164,1097,1072,317,198,0.228221742260619,0.1528957528957528,D: z0+eps+physics+csv,safe_max(g<=0.80),bn-LR,max-f1,Pika
0.5499999999999998,0.8137108792846498,0.8135866196341358,0.8075442648190916,0.805065234075211,0.81003861003861,0.8917378964895164,1049,1135,254,246,0.18286537077033826,0.18996138996138984,D: z0+eps+physics+csv,safe_max(g<=0.80),bn-LR,max-balacc,Pika
0.5499999999999998,0.8137108792846498,0.8135866196341358,0.8075442648190916,0.805065234075211,0.81003861003861,0.8917378964895164,1049,1135,254,246,0.18286537077033826,0.18996138996138984,D: z0+eps+physics+csv,safe_max(g<=0.80),bn-LR,max-acc,Pika
0.5,0.8714605067064084,0.8716815241653255,0.868270332187858,0.8587613293051359,0.877992277992278,0.949560668351165,1137,1202,187,158,0.134629229661627,0.12200772200772192,D: z0+eps+physics+csv,safe_max(g<=0.80),bn-GB+Platt,default(0.5),Pika
0.6492333485883727,0.8885991058122206,0.886358898237948,0.876904075751338,0.9391534391534392,0.8223938223938224,0.949560668351165,1065,1320,69,230,0.04967602591792653,0.17760617760617747,D: z0+eps+physics+csv,safe_max(g<=0.80),bn-GB+Platt,youden,Pika
0.6499999999999997,0.8885991058122206,0.8863327690541514,0.876802637000412,0.9399293286219081,0.8216216216216217,0.949560668351165,1064,1321,68,231,0.048956083513318906,0.17837837837837825,D: z0+eps+physics+csv,safe_max(g<=0.80),bn-GB+Platt,max-f1,Pika
0.6499999999999997,0.8885991058122206,0.8863327690541514,0.876802637000412,0.9399293286219081,0.8216216216216217,0.949560668351165,1064,1321,68,231,0.048956083513318906,0.17837837837837825,D: z0+eps+physics+csv,safe_max(g<=0.80),bn-GB+Platt,max-balacc,Pika
0.6499999999999997,0.8885991058122206,0.8863327690541514,0.876802637000412,0.9399293286219081,0.8216216216216217,0.949560668351165,1064,1321,68,231,0.048956083513318906,0.17837837837837825,D: z0+eps+physics+csv,safe_max(g<=0.80),bn-GB+Platt,max-acc,Pika
0.5,0.8748137108792846,0.8750519109050426,0.8717557251908397,0.8618867924528302,0.8818532818532818,0.9490803361213729,1142,1206,183,153,0.13174946004319646,0.11814671814671807,D: z0+eps+physics+csv,safe_max(g<=0.80),bn-GB+isotonic,default(0.5),Pika
0.5933975462763668,0.8871087928464978,0.8854938554722572,0.8776746063786839,0.9196277495769881,0.8393822393822394,0.9490803361213729,1087,1294,95,208,0.06839452843772494,0.1606177606177605,D: z0+eps+physics+csv,safe_max(g<=0.80),bn-GB+isotonic,youden,Pika
0.5899999999999997,0.886736214605067,0.88516001345375,0.8774193548387097,0.9181434599156119,0.8401544401544402,0.9490803361213729,1088,1292,97,207,0.0698344132469402,0.15984555984555973,D: z0+eps+physics+csv,safe_max(g<=0.80),bn-GB+isotonic,max-f1,Pika
0.5899999999999997,0.886736214605067,0.88516001345375,0.8774193548387097,0.9181434599156119,0.8401544401544402,0.9490803361213729,1088,1292,97,207,0.0698344132469402,0.15984555984555973,D: z0+eps+physics+csv,safe_max(g<=0.80),bn-GB+isotonic,max-balacc,Pika
0.5899999999999997,0.886736214605067,0.88516001345375,0.8774193548387097,0.9181434599156119,0.8401544401544402,0.9490803361213729,1088,1292,97,207,0.0698344132469402,0.15984555984555973,D: z0+eps+physics+csv,safe_max(g<=0.80),bn-GB+isotonic,max-acc,Pika
0.5,0.8722056631892697,0.8729240502458644,0.8709070380127963,0.8494860499265786,0.8934362934362934,0.9477588665493633,1157,1184,205,138,0.14758819294456435,0.10656370656370649,D: z0+eps+physics+csv,safe_max(g<=0.80),GB+LR(0.7),default(0.5),Pika
0.6037541143813174,0.8800298062593145,0.8790202112016368,0.8724247226624405,0.8958502847843776,0.8501930501930502,0.9477588665493633,1101,1261,128,194,0.09215262778977676,0.1498069498069497,D: z0+eps+physics+csv,safe_max(g<=0.80),GB+LR(0.7),youden,Pika
0.5299999999999998,0.8763040238450075,0.876491795714258,0.8730886850152905,0.8644965934897805,0.8818532818532818,0.9477588665493633,1142,1210,179,153,0.12886969042476593,0.11814671814671807,D: z0+eps+physics+csv,safe_max(g<=0.80),GB+LR(0.7),max-f1,Pika
0.5899999999999997,0.8789120715350224,0.8780709435137082,0.8718959400867166,0.8904991948470209,0.8540540540540541,0.9477588665493633,1106,1253,136,189,0.09791216702663781,0.14594594594594584,D: z0+eps+physics+csv,safe_max(g<=0.80),GB+LR(0.7),max-balacc,Pika
0.5899999999999997,0.8789120715350224,0.8780709435137082,0.8718959400867166,0.8904991948470209,0.8540540540540541,0.9477588665493633,1106,1253,136,189,0.09791216702663781,0.14594594594594584,D: z0+eps+physics+csv,safe_max(g<=0.80),GB+LR(0.7),max-acc,Pika
0.5,0.887893761581223,0.8849550013214449,0.8612915552158961,0.8524962178517398,0.8702702702702703,0.9563644962512693,1127,1748,195,168,0.10036026762738029,0.12972972972972963,D: z0+eps+physics+csv,safe_max(g<=0.65),bn-GB,default(0.5),SVD
0.451109665008567,0.8888202594193947,0.8890749289102351,0.8649662415603901,0.8409919766593728,0.8903474903474904,0.9563644962512693,1153,1725,218,142,0.11219763252702002,0.10965250965250957,D: z0+eps+physics+csv,safe_max(g<=0.65),bn-GB,youden,SVD
0.44999999999999984,0.887893761581223,0.888302926851563,0.8639940052454103,0.839155749636099,0.8903474903474904,0.9563644962512693,1153,1722,221,142,0.11374163664436433,0.10965250965250957,D: z0+eps+physics+csv,safe_max(g<=0.65),bn-GB,max-f1,SVD
0.4199999999999998,0.8866584311303274,0.8886900208053065,0.863821892393321,0.8314285714285714,0.8988416988416988,0.9563644962512693,1164,1707,236,131,0.12146165723108589,0.10115830115830109,D: z0+eps+physics+csv,safe_max(g<=0.65),bn-GB,max-balacc,SVD
0.5399999999999998,0.8903644224830142,0.8849534116132161,0.8622429181218471,0.8666146645865834,0.857915057915058,0.9563644962512693,1111,1772,171,184,0.0880082346886258,0.142084942084942,D: z0+eps+physics+csv,safe_max(g<=0.65),bn-GB,max-acc,SVD
0.5,0.8511426806670784,0.8368200271442681,0.8043831168831169,0.8477331052181352,0.7652509652509653,0.9313977310889304,991,1765,178,304,0.0916109109624292,0.23474903474903458,D: z0+eps+physics+csv,safe_max(g<=0.65),bn-LR,default(0.5),SVD
0.2976320779238066,0.8508338480543546,0.8567790126719618,0.8261964735516373,0.7735849056603774,0.8864864864864865,0.9313977310889304,1148,1607,336,147,0.17292846114256297,0.11351351351351344,D: z0+eps+physics+csv,safe_max(g<=0.65),bn-LR,youden,SVD
0.29999999999999993,0.8499073502161828,0.8556207115136606,0.8249279538904899,0.7731262660364618,0.8841698841698842,0.9313977310889304,1145,1607,336,150,0.17292846114256297,0.11583011583011575,D: z0+eps+physics+csv,safe_max(g<=0.65),bn-LR,max-f1,SVD
0.29999999999999993,0.8499073502161828,0.8556207115136606,0.8249279538904899,0.7731262660364618,0.8841698841698842,0.9313977310889304,1145,1607,336,150,0.17292846114256297,0.11583011583011575,D: z0+eps+physics+csv,safe_max(g<=0.65),bn-LR,max-balacc,SVD
0.34999999999999987,0.8545398394070414,0.8548451326114733,0.8248419486798066,0.7955523672883787,0.8563706563706563,0.9313977310889304,1109,1658,285,186,0.14668039114770967,0.14362934362934354,D: z0+eps+physics+csv,safe_max(g<=0.65),bn-LR,max-acc,SVD
0.5,0.8934527486102533,0.885080190844473,0.863582443653618,0.8849270664505673,0.8432432432432433,0.9590177192853467,1092,1801,142,203,0.07308286155429744,0.15675675675675665,D: z0+eps+physics+csv,safe_max(g<=0.65),bn-GB+Platt,default(0.5),SVD
0.3224650726221928,0.891290920321186,0.8951253584295272,0.8705882352941177,0.8308771929824561,0.9142857142857143,0.9590177192853467,1184,1702,241,111,0.12403499742665974,0.08571428571428566,D: z0+eps+physics+csv,safe_max(g<=0.65),bn-GB+Platt,youden,SVD
0.3199999999999999,0.8903644224830142,0.894353356370855,0.8696290855673889,0.8291316526610645,0.9142857142857143,0.9590177192853467,1184,1699,244,111,0.12557900154400406,0.08571428571428566,D: z0+eps+physics+csv,safe_max(g<=0.65),bn-GB+Platt,max-f1,SVD
0.3199999999999999,0.8903644224830142,0.894353356370855,0.8696290855673889,0.8291316526610645,0.9142857142857143,0.9590177192853467,1184,1699,244,111,0.12557900154400406,0.08571428571428566,D: z0+eps+physics+csv,safe_max(g<=0.65),bn-GB+Platt,max-balacc,SVD
0.44999999999999984,0.8946880790611489,0.8889423869866484,0.8672635266640716,0.8744113029827315,0.8602316602316602,0.9590177192853467,1114,1783,160,181,0.08234688625836331,0.13976833976833966,D: z0+eps+physics+csv,safe_max(g<=0.65),bn-GB+Platt,max-acc,SVD
0.5,0.8934527486102533,0.8839212935455859,0.8626045400238949,0.890625,0.8362934362934363,0.9583369267363092,1083,1810,133,212,0.0684508492022645,0.16370656370656358,D: z0+eps+physics+csv,safe_max(g<=0.65),bn-GB+isotonic,default(0.5),SVD
0.34173183138700375,0.8915997529339098,0.8937087296840256,0.869662086891942,0.8376251788268956,0.9042471042471042,0.9583369267363092,1171,1716,227,124,0.11682964487905295,0.09575289575289568,D: z0+eps+physics+csv,safe_max(g<=0.65),bn-GB+isotonic,youden,SVD
0.33999999999999986,0.8903644224830142,0.8926793936057961,0.8683722654801631,0.8352353780313837,0.9042471042471042,0.9583369267363092,1171,1712,231,124,0.11888831703551204,0.09575289575289568,D: z0+eps+physics+csv,safe_max(g<=0.65),bn-GB+isotonic,max-f1,SVD
0.33999999999999986,0.8903644224830142,0.8926793936057961,0.8683722654801631,0.8352353780313837,0.9042471042471042,0.9583369267363092,1171,1712,231,124,0.11888831703551204,0.09575289575289568,D: z0+eps+physics+csv,safe_max(g<=0.65),bn-GB+isotonic,max-balacc,SVD
0.47999999999999976,0.8943792464484249,0.8859809592696881,0.8647151898734177,0.8864557988645579,0.844015444015444,0.9583369267363092,1093,1803,140,202,0.0720535254760679,0.15598455598455588,D: z0+eps+physics+csv,safe_max(g<=0.65),bn-GB+isotonic,max-acc,SVD
0.5,0.890982087708462,0.8866269769512178,0.8638642499035866,0.8628659476117103,0.8648648648648649,0.9562969336515398,1120,1765,178,175,0.0916109109624292,0.13513513513513503,D: z0+eps+physics+csv,safe_max(g<=0.65),GB+LR(0.7),default(0.5),SVD
0.39689701243839215,0.891290920321186,0.8947390593298983,0.8703021370670597,0.8322762508809021,0.911969111969112,0.9562969336515398,1181,1705,238,114,0.12249099330931544,0.08803088803088797,D: z0+eps+physics+csv,safe_max(g<=0.65),GB+LR(0.7),youden,SVD
0.3899999999999999,0.8903644224830142,0.8940958236377691,0.8694372931224715,0.8300561797752809,0.9127413127413128,0.9562969336515398,1182,1701,242,113,0.12454966546577452,0.0872586872586872,D: z0+eps+physics+csv,safe_max(g<=0.65),GB+LR(0.7),max-f1,SVD
0.3899999999999999,0.8903644224830142,0.8940958236377691,0.8694372931224715,0.8300561797752809,0.9127413127413128,0.9562969336515398,1182,1701,242,113,0.12454966546577452,0.0872586872586872,D: z0+eps+physics+csv,safe_max(g<=0.65),GB+LR(0.7),max-balacc,SVD
0.4999999999999998,0.890982087708462,0.8866269769512178,0.8638642499035866,0.8628659476117103,0.8648648648648649,0.9562969336515398,1120,1765,178,175,0.0916109109624292,0.13513513513513503,D: z0+eps+physics+csv,safe_max(g<=0.65),GB+LR(0.7),max-acc,SVD
0.5,0.8906732550957381,0.8906189330275796,0.8669172932330828,0.8446886446886447,0.8903474903474904,0.9611952221319179,1153,1731,212,142,0.1091096242923314,0.10965250965250957,D: z0+eps+physics+csv,safe_max(g<=0.80),bn-GB,default(0.5),SVD
0.38521722316089846,0.8885114268066708,0.8947408477516557,0.869155491119971,0.8189890710382514,0.9258687258687258,0.9611952221319179,1199,1678,265,96,0.13638703036541425,0.07413127413127409,D: z0+eps+physics+csv,safe_max(g<=0.80),bn-GB,youden,SVD
0.5199999999999998,0.8931439159975293,0.8920337733513235,0.8690386071158214,0.852264291017075,0.8864864864864865,0.9611952221319179,1148,1744,199,147,0.10241893978383937,0.11351351351351344,D: z0+eps+physics+csv,safe_max(g<=0.80),bn-GB,max-f1,SVD
0.3899999999999999,0.8882025941939469,0.8943547473655553,0.8687454677302393,0.8188653451811346,0.9250965250965251,0.9611952221319179,1198,1678,265,97,0.13638703036541425,0.07490347490347485,D: z0+eps+physics+csv,safe_max(g<=0.80),bn-GB,max-balacc,SVD
0.6199999999999998,0.8946880790611489,0.8884273215204764,0.8668488871534556,0.8767772511848341,0.8571428571428571,0.9611952221319179,1110,1787,156,185,0.08028821410190423,0.14285714285714277,D: z0+eps+physics+csv,safe_max(g<=0.80),bn-GB,max-acc,SVD
0.5,0.8560840024706609,0.8518825126133412,0.8220015278838808,0.8133030990173847,0.8308880308880309,0.9319143862633312,1076,1696,247,219,0.12712300566134838,0.169111969111969,D: z0+eps+physics+csv,safe_max(g<=0.80),bn-LR,default(0.5),SVD
0.41535740827450834,0.8526868437306979,0.854717558526102,0.8244387191755613,0.7876230661040787,0.8648648648648649,0.9319143862633312,1120,1641,302,175,0.15542974781266075,0.13513513513513503,D: z0+eps+physics+csv,safe_max(g<=0.80),bn-LR,youden,SVD
0.4099999999999998,0.8520691785052501,0.8543316568535302,0.8239617787578096,0.7861150070126227,0.8656370656370657,0.9319143862633312,1121,1638,305,174,0.15697375193000507,0.13436293436293426,D: z0+eps+physics+csv,safe_max(g<=0.80),bn-LR,max-f1,SVD
0.4099999999999998,0.8520691785052501,0.8543316568535302,0.8239617787578096,0.7861150070126227,0.8656370656370657,0.9319143862633312,1121,1638,305,174,0.15697375193000507,0.13436293436293426,D: z0+eps+physics+csv,safe_max(g<=0.80),bn-LR,max-balacc,SVD
0.5599999999999997,0.8573193329215565,0.8487913249621948,0.8188235294117647,0.8318725099601594,0.8061776061776061,0.9319143862633312,1044,1732,211,251,0.10859495625321662,0.1938223938223937,D: z0+eps+physics+csv,safe_max(g<=0.80),bn-LR,max-acc,SVD
0.5,0.8987029030265596,0.8931890938066955,0.8723735408560311,0.8792156862745099,0.8656370656370657,0.9619745765911489,1121,1789,154,174,0.07925887802367469,0.13436293436293426,D: z0+eps+physics+csv,safe_max(g<=0.80),bn-GB+Platt,default(0.5),SVD
0.41221218993479586,0.900555898702903,0.9003988180519318,0.8785822021116139,0.8585114222549742,0.8996138996138996,0.9619745765911489,1165,1751,192,130,0.09881626351003599,0.10038610038610031,D: z0+eps+physics+csv,safe_max(g<=0.80),bn-GB+Platt,youden,SVD
0.4099999999999998,0.900555898702903,0.9003988180519318,0.8785822021116139,0.8585114222549742,0.8996138996138996,0.9619745765911489,1165,1751,192,130,0.09881626351003599,0.10038610038610031,D: z0+eps+physics+csv,safe_max(g<=0.80),bn-GB+Platt,max-f1,SVD
0.4099999999999998,0.900555898702903,0.9003988180519318,0.8785822021116139,0.8585114222549742,0.8996138996138996,0.9619745765911489,1165,1751,192,130,0.09881626351003599,0.10038610038610031,D: z0+eps+physics+csv,safe_max(g<=0.80),bn-GB+Platt,max-balacc,SVD
0.4099999999999998,0.900555898702903,0.9003988180519318,0.8785822021116139,0.8585114222549742,0.8996138996138996,0.9619745765911489,1165,1751,192,130,0.09881626351003599,0.10038610038610031,D: z0+eps+physics+csv,safe_max(g<=0.80),bn-GB+Platt,max-acc,SVD
0.5,0.8980852378011118,0.8910004630025217,0.8703849175176748,0.885691446842526,0.8555984555984556,0.9614330822256709,1108,1800,143,187,0.07359752959341222,0.1444015444015443,D: z0+eps+physics+csv,safe_max(g<=0.80),bn-GB+isotonic,default(0.5),SVD
0.3812836689424712,0.8999382334774553,0.9007855145786181,0.8785607196401799,0.85360524399126,0.905019305019305,0.9614330822256709,1172,1742,201,123,0.10344827586206892,0.09498069498069492,D: z0+eps+physics+csv,safe_max(g<=0.80),bn-GB+isotonic,youden,SVD
0.3799999999999999,0.8996294008647313,0.9005281805590606,0.8782315473960285,0.8529839883551674,0.905019305019305,0.9614330822256709,1172,1741,202,123,0.10396294390118369,0.09498069498069492,D: z0+eps+physics+csv,safe_max(g<=0.80),bn-GB+isotonic,max-f1,SVD
0.3799999999999999,0.8996294008647313,0.9005281805590606,0.8782315473960285,0.8529839883551674,0.905019305019305,0.9614330822256709,1172,1741,202,123,0.10396294390118369,0.09498069498069492,D: z0+eps+physics+csv,safe_max(g<=0.80),bn-GB+isotonic,max-balacc,SVD
0.44999999999999984,0.8999382334774553,0.8965362244826991,0.8754803996925442,0.8714613618974751,0.8795366795366796,0.9614330822256709,1139,1775,168,156,0.08646423057128148,0.12046332046332038,D: z0+eps+physics+csv,safe_max(g<=0.80),bn-GB+isotonic,max-acc,SVD
0.5,0.8922174181593576,0.8924206685915383,0.8689447990987608,0.8457602339181286,0.8934362934362934,0.959248226978541,1157,1732,211,138,0.10859495625321662,0.10656370656370649,D: z0+eps+physics+csv,safe_max(g<=0.80),GB+LR(0.7),default(0.5),SVD
0.45647523397175066,0.8928350833848054,0.8955106639615131,0.8715290633098852,0.837126600284495,0.9088803088803089,0.959248226978541,1177,1714,229,118,0.11785898095728249,0.09111969111969105,D: z0+eps+physics+csv,safe_max(g<=0.80),GB+LR(0.7),youden,SVD
0.45999999999999985,0.8928350833848054,0.8953818975949701,0.8714338643942201,0.8376068376068376,0.9081081081081082,0.959248226978541,1176,1715,228,119,0.11734431291816773,0.09189189189189183,D: z0+eps+physics+csv,safe_max(g<=0.80),GB+LR(0.7),max-f1,SVD
0.45999999999999985,0.8928350833848054,0.8953818975949701,0.8714338643942201,0.8376068376068376,0.9081081081081082,0.959248226978541,1176,1715,228,119,0.11734431291816773,0.09189189189189183,D: z0+eps+physics+csv,safe_max(g<=0.80),GB+LR(0.7),max-balacc,SVD
0.5999999999999998,0.897467572575664,0.891129626796122,0.8702111024237685,0.8812351543942993,0.8594594594594595,0.959248226978541,1113,1793,150,182,0.07720020586721561,0.14054054054054044,D: z0+eps+physics+csv,safe_max(g<=0.80),GB+LR(0.7),max-acc,SVD
0.5,0.8528381219341276,0.854771769845535,0.84375,0.8140703517587939,0.8756756756756757,0.9345110344468908,1134,1300,259,161,0.1661321359846054,0.12432432432432423,D: z0+eps+physics+csv,safe_max(g<=0.65),bn-GB,default(0.5),ZS
0.46196585551780334,0.854239663629993,0.8572315190660283,0.8470588235294118,0.8084210526315789,0.8895752895752895,0.9345110344468908,1152,1286,273,143,0.17511225144323275,0.11042471042471035,D: z0+eps+physics+csv,safe_max(g<=0.65),bn-GB,youden,ZS
0.45999999999999985,0.8531885073580939,0.8562693638383183,0.8461255967682703,0.8067226890756303,0.8895752895752895,0.9345110344468908,1152,1283,276,143,0.17703656189865288,0.11042471042471035,D: z0+eps+physics+csv,safe_max(g<=0.65),bn-GB,max-f1,ZS
0.47999999999999976,0.8538892782060267,0.8564531268187459,0.8459549316586628,0.8109065155807366,0.8841698841698842,0.9345110344468908,1145,1292,267,150,0.17126363053239246,0.11583011583011575,D: z0+eps+physics+csv,safe_max(g<=0.65),bn-GB,max-balacc,ZS
0.47999999999999976,0.8538892782060267,0.8564531268187459,0.8459549316586628,0.8109065155807366,0.8841698841698842,0.9345110344468908,1145,1292,267,150,0.17126363053239246,0.11583011583011575,D: z0+eps+physics+csv,safe_max(g<=0.65),bn-GB,max-acc,ZS
0.5,0.810791871058164,0.8078512857217155,0.788235294117647,0.8007968127490039,0.7760617760617761,0.8916150091262344,1005,1309,250,290,0.160359204618345,0.22393822393822377,D: z0+eps+physics+csv,safe_max(g<=0.65),bn-LR,default(0.5),ZS
0.45780658069067665,0.8125437981779958,0.812004774865583,0.7960350743423561,0.786144578313253,0.8061776061776061,0.8916150091262344,1044,1275,284,251,0.1821680564464399,0.1938223938223937,D: z0+eps+physics+csv,safe_max(g<=0.65),bn-LR,youden,ZS
0.43999999999999984,0.810791871058164,0.8111203845649003,0.7962264150943397,0.7785977859778598,0.8146718146718147,0.8916150091262344,1055,1259,300,240,0.192431045542014,0.1853281853281852,D: z0+eps+physics+csv,safe_max(g<=0.65),bn-LR,max-f1,ZS
0.45999999999999985,0.8121934127540295,0.811553292502619,0.7954198473282442,0.7864150943396226,0.8046332046332046,0.8916150091262344,1042,1276,283,253,0.18152661962796654,0.19536679536679524,D: z0+eps+physics+csv,safe_max(g<=0.65),bn-LR,max-balacc,ZS
0.45999999999999985,0.8121934127540295,0.811553292502619,0.7954198473282442,0.7864150943396226,0.8046332046332046,0.8916150091262344,1042,1276,283,253,0.18152661962796654,0.19536679536679524,D: z0+eps+physics+csv,safe_max(g<=0.65),bn-LR,max-acc,ZS
0.5,0.8570427470217239,0.8571166052885104,0.8448669201520913,0.8322097378277153,0.857915057915058,0.9369861385255868,1111,1335,224,184,0.14368184733803713,0.142084942084942,D: z0+eps+physics+csv,safe_max(g<=0.65),bn-GB+Platt,default(0.5),ZS
0.46164742740883935,0.858093903293623,0.8593210180766306,0.8480300187617261,0.8248175182481752,0.8725868725868726,0.9369861385255868,1130,1319,240,165,0.1539448364336112,0.12741312741312733,D: z0+eps+physics+csv,safe_max(g<=0.65),bn-GB+Platt,youden,ZS
0.45999999999999985,0.858093903293623,0.8593210180766306,0.8480300187617261,0.8248175182481752,0.8725868725868726,0.9369861385255868,1130,1319,240,165,0.1539448364336112,0.12741312741312733,D: z0+eps+physics+csv,safe_max(g<=0.65),bn-GB+Platt,max-f1,ZS
0.45999999999999985,0.858093903293623,0.8593210180766306,0.8480300187617261,0.8248175182481752,0.8725868725868726,0.9369861385255868,1130,1319,240,165,0.1539448364336112,0.12741312741312733,D: z0+eps+physics+csv,safe_max(g<=0.65),bn-GB+Platt,max-balacc,ZS
0.5299999999999998,0.8591450595655221,0.8583870959752935,0.8456221198156681,0.841100076394194,0.8501930501930502,0.9369861385255868,1101,1351,208,194,0.13341885824246305,0.1498069498069497,D: z0+eps+physics+csv,safe_max(g<=0.65),bn-GB+Platt,max-acc,ZS
0.5,0.8608969866853539,0.8594022502297037,0.8461836497481596,0.8491446345256609,0.8432432432432433,0.9368789021771705,1092,1365,194,203,0.12443874278383572,0.15675675675675665,D: z0+eps+physics+csv,safe_max(g<=0.65),bn-GB+isotonic,default(0.5),ZS
0.47693847693847696,0.861948142957253,0.8612143711566418,0.8486943164362519,0.8441558441558441,0.8532818532818532,0.9368789021771705,1105,1355,204,190,0.13085311096856952,0.14671814671814662,D: z0+eps+physics+csv,safe_max(g<=0.65),bn-GB+isotonic,youden,ZS
0.46999999999999986,0.8615977575332866,0.8610897986779962,0.8487169666794332,0.8419452887537994,0.8555984555984556,0.9368789021771705,1108,1351,208,187,0.13341885824246305,0.1444015444015443,D: z0+eps+physics+csv,safe_max(g<=0.65),bn-GB+isotonic,max-f1,ZS
0.46999999999999986,0.8615977575332866,0.8610897986779962,0.8487169666794332,0.8419452887537994,0.8555984555984556,0.9368789021771705,1108,1351,208,187,0.13341885824246305,0.1444015444015443,D: z0+eps+physics+csv,safe_max(g<=0.65),bn-GB+isotonic,max-balacc,ZS
0.46999999999999986,0.8615977575332866,0.8610897986779962,0.8487169666794332,0.8419452887537994,0.8555984555984556,0.9368789021771705,1108,1351,208,187,0.13341885824246305,0.1444015444015443,D: z0+eps+physics+csv,safe_max(g<=0.65),bn-GB+isotonic,max-acc,ZS
0.5,0.8545900490539594,0.8561792159611274,0.844975719088532,0.8183791606367583,0.8733590733590734,0.9303894933144453,1131,1308,251,164,0.1610006414368184,0.12664092664092655,D: z0+eps+physics+csv,safe_max(g<=0.65),GB+LR(0.7),default(0.5),ZS
0.4687226229341932,0.8556412053258584,0.8580567188649293,0.847520355292376,0.8137882018479033,0.8841698841698842,0.9303894933144453,1145,1297,262,150,0.16805644644002557,0.11583011583011575,D: z0+eps+physics+csv,safe_max(g<=0.65),GB+LR(0.7),youden,ZS
0.46999999999999986,0.855290819901892,0.8576706184788289,0.8470936690114772,0.813655761024182,0.8833976833976834,0.9303894933144453,1144,1297,262,151,0.16805644644002557,0.11660231660231651,D: z0+eps+physics+csv,safe_max(g<=0.65),GB+LR(0.7),max-f1,ZS
0.46999999999999986,0.855290819901892,0.8576706184788289,0.8470936690114772,0.813655761024182,0.8833976833976834,0.9303894933144453,1144,1297,262,151,0.16805644644002557,0.11660231660231651,D: z0+eps+physics+csv,safe_max(g<=0.65),GB+LR(0.7),max-balacc,ZS
0.46999999999999986,0.855290819901892,0.8576706184788289,0.8470936690114772,0.813655761024182,0.8833976833976834,0.9303894933144453,1144,1297,262,151,0.16805644644002557,0.11660231660231651,D: z0+eps+physics+csv,safe_max(g<=0.65),GB+LR(0.7),max-acc,ZS
0.5,0.8878766643307638,0.8876281944915685,0.877488514548239,0.8701594533029613,0.8849420849420849,0.9580847043322989,1146,1388,171,149,0.10968569595894798,0.11505791505791498,D: z0+eps+physics+csv,safe_max(g<=0.80),bn-GB,default(0.5),ZS
0.514637981506473,0.8892782060266293,0.8887803041747878,0.8786482334869432,0.8739495798319328,0.8833976833976834,0.9580847043322989,1144,1394,165,151,0.1058370750481077,0.11660231660231651,D: z0+eps+physics+csv,safe_max(g<=0.80),bn-GB,youden,ZS
0.4099999999999998,0.8857743517869656,0.8877307253189228,0.8783582089552239,0.8498194945848375,0.9088803088803089,0.9580847043322989,1177,1351,208,118,0.13341885824246305,0.09111969111969105,D: z0+eps+physics+csv,safe_max(g<=0.80),bn-GB,max-f1,ZS
0.5099999999999998,0.888927820602663,0.8884595857655511,0.8783109404990403,0.8732824427480916,0.8833976833976834,0.9580847043322989,1144,1393,166,151,0.10647851186658108,0.11660231660231651,D: z0+eps+physics+csv,safe_max(g<=0.80),bn-GB,max-balacc,ZS
0.5699999999999997,0.8899789768745621,0.8881141014559872,0.87743950039032,0.8871349644830308,0.8679536679536679,0.9580847043322989,1124,1416,143,171,0.09172546504169334,0.13204633204633195,D: z0+eps+physics+csv,safe_max(g<=0.80),bn-GB,max-acc,ZS
0.5,0.8528381219341276,0.849606593673303,0.83399209486166,0.854251012145749,0.8146718146718147,0.9248860149437441,1055,1379,180,240,0.1154586273252084,0.1853281853281852,D: z0+eps+physics+csv,safe_max(g<=0.80),bn-LR,default(0.5),ZS
0.3986451684880402,0.8517869656622284,0.8536134686872339,0.8424581005586592,0.8136690647482014,0.8733590733590734,0.9248860149437441,1131,1300,259,164,0.1661321359846054,0.12664092664092655,D: z0+eps+physics+csv,safe_max(g<=0.80),bn-LR,youden,ZS
0.3999999999999998,0.8517869656622284,0.8535480867103702,0.8423406634364518,0.8141210374639769,0.8725868725868726,0.9248860149437441,1130,1301,258,165,0.16549069916613204,0.12741312741312733,D: z0+eps+physics+csv,safe_max(g<=0.80),bn-LR,max-f1,ZS
0.3999999999999998,0.8517869656622284,0.8535480867103702,0.8423406634364518,0.8141210374639769,0.8725868725868726,0.9248860149437441,1130,1301,258,165,0.16549069916613204,0.12741312741312733,D: z0+eps+physics+csv,safe_max(g<=0.80),bn-LR,max-balacc,ZS
0.5199999999999998,0.8538892782060267,0.8496534012249215,0.8331332533013205,0.8646179401993356,0.8038610038610039,0.9248860149437441,1041,1396,163,254,0.10455420141116094,0.196138996138996,D: z0+eps+physics+csv,safe_max(g<=0.80),bn-LR,max-acc,ZS
0.5,0.886124737210932,0.8841285251163378,0.8729972645564674,0.8837025316455697,0.8625482625482626,0.9589693422919849,1117,1412,147,178,0.09429121231558686,0.13745173745173736,D: z0+eps+physics+csv,safe_max(g<=0.80),bn-GB+Platt,default(0.5),ZS
0.4460564543673986,0.8875262789067975,0.8871113301517406,0.8768699654775605,0.8711890243902439,0.8826254826254826,0.9589693422919849,1143,1390,169,152,0.10840282232200121,0.11737451737451729,D: z0+eps+physics+csv,safe_max(g<=0.80),bn-GB+Platt,youden,ZS
0.3199999999999999,0.882270497547302,0.8856350348332388,0.8766519823788547,0.8355493351994402,0.922007722007722,0.9589693422919849,1194,1324,235,101,0.1507376523412443,0.07799227799227794,D: z0+eps+physics+csv,safe_max(g<=0.80),bn-GB+Platt,max-f1,ZS
0.44999999999999984,0.8871758934828311,0.8866598477887766,0.8763440860215054,0.8716577540106952,0.8810810810810811,0.9589693422919849,1141,1391,168,154,0.10776138550352785,0.11891891891891884,D: z0+eps+physics+csv,safe_max(g<=0.80),bn-GB+Platt,max-balacc,ZS
0.44999999999999984,0.8871758934828311,0.8866598477887766,0.8763440860215054,0.8716577540106952,0.8810810810810811,0.9589693422919849,1141,1391,168,154,0.10776138550352785,0.11891891891891884,D: z0+eps+physics+csv,safe_max(g<=0.80),bn-GB+Platt,max-acc,ZS
0.5,0.8864751226348984,0.8832069859651643,0.8714285714285714,0.8963265306122449,0.8478764478764479,0.9589220394223602,1098,1432,127,197,0.08146247594611926,0.15212355212355202,D: z0+eps+physics+csv,safe_max(g<=0.80),bn-GB+isotonic,default(0.5),ZS
0.44748748748748746,0.8882270497547302,0.8868374192941223,0.8762126503686457,0.8806552262090483,0.8718146718146718,0.9589220394223602,1129,1406,153,166,0.09813983322642714,0.1281853281853281,D: z0+eps+physics+csv,safe_max(g<=0.80),bn-GB+isotonic,youden,ZS
0.32999999999999985,0.8819201121233357,0.8846604966553652,0.8754158964879852,0.8397163120567376,0.9142857142857143,0.9589220394223602,1184,1333,226,111,0.1449647209749839,0.08571428571428566,D: z0+eps+physics+csv,safe_max(g<=0.80),bn-GB+isotonic,max-f1,ZS
0.44999999999999984,0.8871758934828311,0.8856137361589576,0.8748055987558321,0.8809710258418167,0.8687258687258688,0.9589220394223602,1125,1407,152,170,0.09749839640795376,0.13127413127413118,D: z0+eps+physics+csv,safe_max(g<=0.80),bn-GB+isotonic,max-balacc,ZS
0.44999999999999984,0.8871758934828311,0.8856137361589576,0.8748055987558321,0.8809710258418167,0.8687258687258688,0.9589220394223602,1125,1407,152,170,0.09749839640795376,0.13127413127413118,D: z0+eps+physics+csv,safe_max(g<=0.80),bn-GB+isotonic,max-acc,ZS
0.5,0.8896285914505957,0.8890356406071608,0.8788927335640139,0.8751914241960184,0.8826254826254826,0.9574175109774854,1143,1396,163,152,0.10455420141116094,0.11737451737451729,D: z0+eps+physics+csv,safe_max(g<=0.80),GB+LR(0.7),default(0.5),ZS
0.47302712389812995,0.8913805185704274,0.8916199623062997,0.8819497334348819,0.8700225394440271,0.8942084942084942,0.9574175109774854,1158,1386,173,137,0.11096856959589474,0.10579150579150572,D: z0+eps+physics+csv,safe_max(g<=0.80),GB+LR(0.7),youden,ZS
0.46999999999999986,0.8906797477224947,0.8910439074646901,0.8813688212927757,0.8681647940074907,0.894980694980695,0.9574175109774854,1159,1383,176,136,0.11289288005131488,0.10501930501930494,D: z0+eps+physics+csv,safe_max(g<=0.80),GB+LR(0.7),max-f1,ZS
0.48999999999999977,0.8913805185704274,0.8911622884682537,0.8813169984686064,0.873955960516325,0.8888030888030888,0.9574175109774854,1151,1393,166,144,0.10647851186658108,0.11119691119691112,D: z0+eps+physics+csv,safe_max(g<=0.80),GB+LR(0.7),max-balacc,ZS
0.5799999999999997,0.8931324456902593,0.8904775113242079,0.8797792668506109,0.8985507246376812,0.8617760617760618,0.9574175109774854,1116,1433,126,179,0.08082103912764588,0.13822393822393814,D: z0+eps+physics+csv,safe_max(g<=0.80),GB+LR(0.7),max-acc,ZS
